name,face_1_name,face_2_name,mana_cost,cmc,colors,color_identity,type_line,rarity,set,collector_number,oracle_text,has_converge,is_basic_land,gih_wr,oh_wr,iwd,gih_games,oh_games,alsa,ratings_source,sealed_gih_games,premier_gih_games
The Dawning Archaic,The Dawning Archaic,,{10},10.0,,,Legendary Creature — Avatar,mythic,sos,1,"This spell costs {1} less to cast for each instant and sorcery card in your graveyard.
Reach
Whenever The Dawning Archaic attacks, you may cast target instant or sorcery card from your graveyard without paying its mana cost. If that spell would be put into your graveyard, exile it instead.",False,False,0.5364667747163695,0.5164319248826291,0.006045557867695561,617,213,,sealed,617,5220
Rancorous Archaic,Rancorous Archaic,,{5},5.0,,,Creature — Avatar,common,sos,2,"Reach, trample
Converge — This creature enters with a +1/+1 counter on it for each color of mana spent to cast it.",True,False,0.5534274193548387,0.5325443786982249,0.04337957246488655,992,338,,sealed,992,19089
Sundering Archaic,Sundering Archaic,,{6},6.0,,,Creature — Avatar,uncommon,sos,3,"Converge — When this creature enters, exile target nonland permanent an opponent controls with mana value less than or equal to the number of colors of mana spent to cast this creature.
{2}: Put target card from a graveyard on the bottom of its owner's library.",True,False,0.5922038980509745,0.5483870967741935,0.035899110458257,1334,465,,sealed,1334,33571
Together as One,Together as One,,{6},6.0,,,Sorcery,rare,sos,4,"Converge — Target player draws X cards, Together as One deals X damage to any target, and you gain X life, where X is the number of colors of mana spent to cast this spell.",True,False,0.6541764246682279,0.6190476190476191,0.13483118657298976,1281,483,,sealed,1281,20105
Transcendent Archaic,Transcendent Archaic,,{7},7.0,,,Creature — Avatar,uncommon,sos,5,"Vigilance
Converge — When this creature enters, you may draw X cards, where X is the number of colors of mana spent to cast this spell. If you draw one or more cards this way, discard two cards.",True,False,0.593576965669989,0.5558823529411765,0.07982450987431111,903,340,,sealed,903,21891
Ajani's Response,Ajani's Response,,{4}{W},5.0,W,W,Instant,common,sos,6,"This spell costs {3} less to cast if it targets a tapped creature.
Destroy target creature.",False,False,0.6053203040173725,0.5939262472885033,0.03937132627175999,5526,2305,,sealed,5526,61023
Antiquities on the Loose,Antiquities on the Loose,,{1}{W}{W},3.0,W,W,Sorcery,rare,sos,7,"Create two 2/2 red and white Spirit creature tokens. Then if this spell was cast from anywhere other than your hand, put a +1/+1 counter on each Spirit you control.
Flashback {4}{W}{W} (You may cast this card from your graveyard for its flashback cost. Then exile it.)",False,False,0.6563898557931377,0.6783980582524272,0.1022829457540243,2011,824,,sealed,2011,16749
Ascendant Dustspeaker,Ascendant Dustspeaker,,{4}{W},5.0,W,W,Creature — Orc Cleric,common,sos,8,"Flying
When this creature enters, put a +1/+1 counter on another target creature you control.
At the beginning of combat on your turn, exile up to one target card from a graveyard.",False,False,0.566043920026221,0.5559157212317666,-0.01667770617366615,3051,1234,,sealed,3051,36546
Daydream,Daydream,,{W},1.0,W,W,Sorcery,uncommon,sos,9,"Exile target creature you control, then return that card to the battlefield under its owner's control with a +1/+1 counter on it.
Flashback {2}{W} (You may cast this card from your graveyard for its flashback cost. Then exile it.)",False,False,0.5264900662251656,0.5131578947368421,-0.0180064208942724,604,228,,sealed,604,4933
Dig Site Inventory,Dig Site Inventory,,{W},1.0,W,W,Sorcery,common,sos,10,"Put a +1/+1 counter on target creature you control. It gains vigilance until end of turn.
Flashback {W} (You may cast this card from your graveyard for its flashback cost. Then exile it.)",False,False,0.5691823899371069,0.5647382920110193,-0.005861902647049,3498,1452,,sealed,3498,40069
Eager Glyphmage,Eager Glyphmage,,{3}{W},4.0,W,W,Creature — Cat Cleric,common,sos,11,"When this creature enters, create a 1/1 white and black Inkling creature token with flying.",False,False,0.5784463061690784,0.5440508628519528,0.02018722460636424,2626,1101,,sealed,2626,39822
Elite Interceptor // Rejoinder,Elite Interceptor,Rejoinder,{W} // {1}{W},1.0,W,W,Creature — Human Wizard // Sorcery,common,sos,12,"This creature enters prepared. (While it's prepared, you may cast a copy of its spell. Doing so unprepares it.)
//
You may tap or untap target creature.
Draw a card.",False,False,0.595306975249116,0.5988896599583623,0.043906762558580725,6222,2882,,sealed,6222,73786
Emeritus of Truce // Swords to Plowshares,Emeritus of Truce,Swords to Plowshares,{1}{W}{W} // {W},3.0,W,W,Creature — Cat Cleric // Instant,mythic,sos,13,"When this creature enters, target player creates a 1/1 white and black Inkling creature token with flying. Then if an opponent controls more creatures than you, this creature becomes prepared. (While it's prepared, you may cast a copy of its spell. Doing so unprepares it.)
//
Exile target creature. Its controller gains life equal to its power.",False,False,0.5752577319587628,0.5466321243523317,0.02133193385695098,970,386,,sealed,970,6456
"Ennis, Debate Moderator","Ennis, Debate Moderator",,{1}{W},2.0,W,W,Legendary Creature — Human Cleric,uncommon,sos,14,"When Ennis enters, exile up to one other target creature you control. Return that card to the battlefield under its owner's control at the beginning of the next end step.
At the beginning of your end step, if one or more cards were put into exile this turn, put a +1/+1 counter on Ennis.",False,False,0.5201845444059977,0.4783821478382148,-0.046993958473080966,1734,717,,sealed,1734,10762
Erode,Erode,,{W},1.0,W,W,Instant,rare,sos,15,"Destroy target creature or planeswalker. Its controller may search their library for a basic land card, put it onto the battlefield tapped, then shuffle.",False,False,0.5734901122394441,0.532171581769437,0.040992433502211045,1871,746,,sealed,1871,10658
Graduation Day,Graduation Day,,{W},1.0,W,W,Enchantment,uncommon,sos,16,"Repartee — Whenever you cast an instant or sorcery spell that targets a creature, put a +1/+1 counter on target creature you control.",False,False,0.520904729266621,0.5185758513931888,-0.02157517888492888,1459,646,,sealed,1459,7687
Group Project,Group Project,,{1}{W},2.0,W,W,Sorcery,uncommon,sos,17,"Create a 2/2 red and white Spirit creature token.
Flashback—Tap three untapped creatures you control. (You may cast this card from your graveyard for its flashback cost. Then exile it.)",False,False,0.5821416114405301,0.5911214953271028,0.00517000260772249,2867,1284,,sealed,2867,27253
Harsh Annotation,Harsh Annotation,,{1}{W},2.0,W,W,Instant,uncommon,sos,18,Destroy target creature. Its controller creates a 1/1 white and black Inkling creature token with flying.,False,False,0.5408284023668639,0.5436046511627907,0.026626639389390805,845,344,,sealed,845,4065
Honorbound Page // Forum's Favor,Honorbound Page,Forum's Favor,{3}{W} // {W},4.0,W,W,Creature — Cat Cleric // Sorcery,common,sos,19,"First strike
This creature enters prepared. (While it's prepared, you may cast a copy of its spell. Doing so unprepares it.)
//
Target creature gets +1/+0 and gains flying until end of turn.",False,False,0.5418125243096071,0.5028089887640449,-0.015365091262169006,2571,1068,,sealed,2571,22414
Informed Inkwright,Informed Inkwright,,{1}{W},2.0,W,W,Creature — Human Wizard,rare,sos,20,"Vigilance
Repartee — Whenever you cast an instant or sorcery spell that targets a creature, create a 1/1 white and black Inkling creature token with flying.",False,False,0.6359901396877568,0.5996131528046421,0.07888522600913794,1217,517,,sealed,1217,14958
Inkshape Demonstrator,Inkshape Demonstrator,,{3}{W},4.0,W,W,Creature — Elephant Cleric,uncommon,sos,21,"Ward {2} (Whenever this creature becomes the target of a spell or ability an opponent controls, counter it unless that player pays {2}.)
Repartee — Whenever you cast an instant or sorcery spell that targets a creature, this creature gets +1/+0 and gains lifelink until end of turn.",False,False,0.5498330948974726,0.5702479338842975,-0.0019172856200312394,2097,847,,sealed,2097,22154
Interjection,Interjection,,{W},1.0,W,W,Instant,common,sos,22,Target creature gets +2/+2 and gains first strike until end of turn.,False,False,0.5555555555555556,0.5318246110325319,0.024174802417480268,1638,707,,sealed,1638,17072
Joined Researchers // Secret Rendezvous,Joined Researchers,Secret Rendezvous,{1}{W} // {1}{W}{W},2.0,W,W,Creature — Human Cleric Wizard // Sorcery,rare,sos,23,"First strike
At the beginning of each end step, if an opponent has more cards in hand than you, this creature becomes prepared. (While it's prepared, you may cast a copy of its spell. Doing so unprepares it.)
//
You and target opponent each draw three cards.",False,False,0.5919003115264797,0.6,0.023179932379560286,642,295,,sealed,642,9347
Owlin Historian,Owlin Historian,,{2}{W},3.0,W,W,Creature — Bird Cleric,common,sos,24,"Flying
When this creature enters, surveil 1. (Look at the top card of your library. You may put it into your graveyard.)
Whenever one or more cards leave your graveyard, this creature gets +1/+1 until end of turn.",False,False,0.5760224789260069,0.5849965588437716,-0.01183319722535714,3203,1453,,sealed,3203,38976
Practiced Offense,Practiced Offense,,{2}{W},3.0,W,W,Sorcery,rare,sos,25,"Put a +1/+1 counter on each creature target player controls. Target creature gains your choice of double strike or lifelink until end of turn.
Flashback {1}{W} (You may cast this card from your graveyard for its flashback cost. Then exile it.)",False,False,0.6558079725675097,0.6329113924050633,0.09572364368486741,2333,869,,sealed,2333,16700
Primary Research,Primary Research,,{4}{W},5.0,W,W,Enchantment,uncommon,sos,26,"When this enchantment enters, return target nonland permanent card with mana value 3 or less from your graveyard to the battlefield.
At the beginning of your end step, if a card left your graveyard this turn, draw a card.",False,False,0.5831475702184574,0.5572254335260116,-0.004538351607900282,2243,865,,sealed,2243,19897
Quill-Blade Laureate // Twofold Intent,Quill-Blade Laureate,Twofold Intent,{1}{W} // {1}{W},2.0,W,W,Creature — Human Cleric // Sorcery,uncommon,sos,27,"Double strike
This creature enters prepared. (While it's prepared, you may cast a copy of its spell. Doing so unprepares it.)
//
Target creature gets +1/+0 and gains double strike until end of turn.",False,False,0.5703753351206434,0.5547619047619048,0.014424014253917372,2984,1260,,sealed,2984,25954
Rapier Wit,Rapier Wit,,{1}{W},2.0,W,W,Instant,common,sos,28,"Tap target creature. If it's your turn, put a stun counter on it. (If a permanent with a stun counter would become untapped, remove one from it instead.)
Draw a card.",False,False,0.5600886917960088,0.5314465408805031,0.010774798142492492,2255,954,,sealed,2255,17046
Rehearsed Debater,Rehearsed Debater,,{2}{W},3.0,W,W,Creature — Djinn Bard,common,sos,29,"Vigilance
Repartee — Whenever you cast an instant or sorcery spell that targets a creature, this creature gets +1/+1 until end of turn.",False,False,0.5521472392638037,0.547395388556789,-0.01137881355561099,2608,1171,,sealed,2608,29370
Restoration Seminar,Restoration Seminar,,{5}{W}{W},7.0,W,W,Sorcery — Lesson,mythic,sos,30,"Return target nonland permanent card from your graveyard to the battlefield.
Paradigm (Then exile this spell. After you first resolve a spell with this name, you may cast a copy of it from exile without paying its mana cost at the beginning of each of your first main phases.)",False,False,0.5726315789473684,0.5246913580246914,0.04605350585766743,475,162,,sealed,475,6166
Shattered Acolyte,Shattered Acolyte,,{1}{W},2.0,W,W,Creature — Dwarf Warlock,common,sos,31,"Lifelink
{1}, Sacrifice this creature: Destroy target artifact or enchantment.",False,False,0.5719233903830481,0.5846774193548387,0.0035834768654695592,4908,2232,,sealed,4908,45193
Soaring Stoneglider,Soaring Stoneglider,,{2}{W},3.0,W,W,Creature — Elephant Cleric,uncommon,sos,32,"As an additional cost to cast this spell, exile two cards from your graveyard or pay {1}{W}.
Flying, vigilance",False,False,0.5591054313099042,0.5407725321888412,-0.03829716609269318,1252,466,,sealed,1252,17857
Spiritcall Enthusiast // Scrollboost,Spiritcall Enthusiast,Scrollboost,{2}{W} // {1}{W},3.0,W,W,Creature — Cat Cleric // Sorcery,uncommon,sos,33,"Whenever one or more tokens you control enter, this creature becomes prepared. (While it's prepared, you may cast a copy of its spell. Doing so unprepares it.)
//
One or two target creatures each get +2/+2 until end of turn.",False,False,0.5453400503778337,0.580441640378549,0.005110165320362459,794,317,,sealed,794,9951
Stand Up for Yourself,Stand Up for Yourself,,{2}{W},3.0,W,W,Instant,uncommon,sos,34,Destroy target creature with power 3 or greater.,False,False,0.5877862595419847,0.5734824281150159,0.01451253872728031,1572,626,,sealed,1572,27440
Stirring Hopesinger,Stirring Hopesinger,,{2}{W},3.0,W,W,Creature — Bird Bard,rare,sos,35,"Flying, lifelink
Repartee — Whenever you cast an instant or sorcery spell that targets a creature, put a +1/+1 counter on each creature you control.",False,False,0.6544368600682594,0.6536842105263158,0.1159467150329303,2344,950,,sealed,2344,15447
Stone Docent,Stone Docent,,{1}{W},2.0,W,W,Creature — Spirit Chimera,common,sos,36,"{W}, Exile this card from your graveyard: You gain 2 life. Surveil 1. Activate only as a sorcery. (Look at the top card of your library. You may put it into your graveyard.)",False,False,0.5803007191109174,0.5998160073597056,-0.01568286974678068,4589,2174,,sealed,4589,57851
Summoned Dromedary,Summoned Dromedary,,{3}{W},4.0,W,W,Creature — Spirit Camel,uncommon,sos,37,"Vigilance
{1}{W}: Return this card from your graveyard to your hand. Activate only as a sorcery.",False,False,0.5673469387755102,0.5475,0.012966274122942267,980,400,,sealed,980,17791
Banishing Betrayal,Banishing Betrayal,,{1}{U},2.0,U,U,Instant,common,sos,38,Return target nonland permanent to its owner's hand. Surveil 1. (Look at the top card of your library. You may put it into your graveyard.),False,False,0.5710738671632526,0.5300925925925926,0.02917624733932045,3222,1296,,sealed,3222,40648
Brush Off,Brush Off,,{2}{U}{U},4.0,U,U,Instant,uncommon,sos,39,"This spell costs {1}{U} less to cast if it targets an instant or sorcery spell.
Counter target spell.",False,False,0.5794270833333334,0.5536332179930796,0.023214065581854126,768,289,,sealed,768,28609
Campus Composer // Aqueous Aria,Campus Composer,Aqueous Aria,{3}{U} // {4}{U},4.0,U,U,Creature — Merfolk Bard // Sorcery,uncommon,sos,40,"Ward {2}
This creature enters prepared. (While it's prepared, you may cast a copy of its spell. Doing so unprepares it.)
//
Create a 3/3 blue and red Elemental creature token with flying.",False,False,0.5521646557842441,0.5204178537511871,0.03659622710937083,2818,1053,,sealed,2818,18403
Chase Inspiration,Chase Inspiration,,{U},1.0,U,U,Instant,common,sos,41,Target creature you control gets +0/+3 and gains hexproof until end of turn. (It can't be the target of spells or abilities your opponents control.),False,False,0.5625,0.5509641873278237,0.05087209302325579,992,363,,sealed,992,13680
Deluge Virtuoso,Deluge Virtuoso,,{2}{U},3.0,U,U,Creature — Human Wizard,common,sos,42,"When this creature enters, tap target creature an opponent controls and put a stun counter on it. (If a permanent with a stun counter would become untapped, remove one from it instead.)
Opus — Whenever you cast an instant or sorcery spell, this creature gets +1/+1 until end of turn. If five or more mana was spent to cast that spell, this creature gets +2/+2 until end of turn instead.",False,False,0.5285664213109008,0.5036231884057971,0.01668737163487488,2853,1104,,sealed,2853,22576
Divergent Equation,Divergent Equation,,{X}{X}{U},1.0,U,U,Instant,uncommon,sos,43,"Return up to X target instant and/or sorcery cards from your graveyard to your hand.
Exile Divergent Equation.",False,False,0.5928205128205128,0.538235294117647,0.025851731350220786,975,340,,sealed,975,33205
Echocasting Symposium,Echocasting Symposium,,{4}{U}{U},6.0,U,U,Sorcery — Lesson,mythic,sos,44,"Target player creates a token that's a copy of target creature you control.
Paradigm (Then exile this spell. After you first resolve a spell with this name, you may cast a copy of it from exile without paying its mana cost at the beginning of each of your first main phases.)",False,False,0.6299093655589124,0.6328502415458938,0.14463804772945504,662,207,,sealed,662,7289
Emeritus of Ideation // Ancestral Recall,Emeritus of Ideation,Ancestral Recall,{3}{U}{U} // {U},5.0,U,U,Creature — Human Wizard // Instant,mythic,sos,45,"Flying, ward {2}
This creature enters prepared.
Whenever this creature attacks, you may exile eight cards from your graveyard. If you do, this creature becomes prepared.
//
Target player draws three cards.",False,False,0.6481481481481481,0.6257928118393234,0.1207407407407407,1404,473,,sealed,1404,7801
Encouraging Aviator // Jump,Encouraging Aviator,Jump,{2}{U} // {U},3.0,U,U,Creature — Bird Wizard // Instant,uncommon,sos,46,"Flying
Whenever this creature attacks, it becomes prepared. (While it's prepared, you may cast a copy of its spell. Doing so unprepares it.)
//
Target creature gains flying until end of turn.",False,False,0.5470899470899471,0.5153203342618384,0.019285069041166558,945,359,,sealed,945,10358
Essence Scatter,Essence Scatter,,{1}{U},2.0,U,U,Instant,common,sos,47,Counter target creature spell.,False,False,0.5799220272904484,0.5707317073170731,0.0511963253466039,5130,2050,,sealed,5130,65822
Exhibition Tidecaller,Exhibition Tidecaller,,{U},1.0,U,U,Creature — Djinn Wizard,rare,sos,48,"Opus — Whenever you cast an instant or sorcery spell, target player mills three cards. If five or more mana was spent to cast that spell, that player mills ten cards instead.",False,False,0.6073354908306364,0.5578635014836796,0.07825909402333886,927,337,,sealed,927,16847
Flow State,Flow State,,{1}{U},2.0,U,U,Sorcery,uncommon,sos,49,"Look at the top three cards of your library. Put one of them into your hand and the rest on the bottom of your library in any order. If there is an instant card and a sorcery card in your graveyard, instead put two of them into your hand and the rest on the bottom of your library in any order.",False,False,0.5645110902842861,0.5359477124183006,0.03584418912354048,3201,1224,,sealed,3201,30329
Fractal Anomaly,Fractal Anomaly,,{U},1.0,U,U,Instant,uncommon,sos,50,"Create a 0/0 green and blue Fractal creature token and put X +1/+1 counters on it, where X is the number of cards you've drawn this turn.",False,False,0.48493975903614456,0.43160377358490565,0.02056095799357288,2324,848,,premier,175,2324
Fractalize,Fractalize,,{X}{U},1.0,U,U,Instant,uncommon,sos,51,"Until end of turn, target creature becomes a green and blue Fractal with base power and toughness each equal to X plus 1. (It loses all other colors and creature types.)",False,False,0.5289367429340511,0.47038327526132406,-0.011960354691278652,743,287,,sealed,743,4695
Harmonized Trio // Brainstorm,Harmonized Trio,Brainstorm,{U} // {U},1.0,U,U,Creature — Merfolk Bard Wizard // Instant,rare,sos,52,"{T}, Tap two untapped creatures you control: This creature becomes prepared. (While it's prepared, you may cast a copy of its spell. Doing so unprepares it.)
//
Draw three cards, then put two cards from your hand on top of your library in any order.",False,False,0.5311572700296736,0.5136186770428015,0.019557758430162053,674,257,,sealed,674,7112
Homesickness,Homesickness,,{4}{U}{U},6.0,U,U,Instant,uncommon,sos,53,"Target player draws two cards. Tap up to two target creatures. Put a stun counter on each of them. (If a permanent with a stun counter would become untapped, remove one from it instead.)",False,False,0.5776447105788424,0.5333333333333333,0.04823294587296001,2505,915,,sealed,2505,23376
Hydro-Channeler,Hydro-Channeler,,{1}{U},2.0,U,U,Creature — Merfolk Wizard,common,sos,54,"{T}: Add {U}. Spend this mana only to cast an instant or sorcery spell.
{1}, {T}: Add one mana of any color. Spend this mana only to cast an instant or sorcery spell.",False,False,0.5515055467511886,0.5382205513784462,0.004417903855162386,3786,1596,,sealed,3786,49818
"Jadzi, Steward of Fate // Oracle's Gift","Jadzi, Steward of Fate",Oracle's Gift,{2}{U} // {X}{X}{U},3.0,U,U,Legendary Creature — Human Wizard // Sorcery,rare,sos,55,"Jadzi enters prepared. (While it's prepared, you may cast a copy of its spell. Doing so unprepares it.)
When Jadzi enters, draw two cards, then discard two cards.
//
Create X 0/0 green and blue Fractal creature tokens, then put X +1/+1 counters on each Fractal you control.",False,False,0.5903814262023217,0.5899772209567198,0.057248896081839806,1206,439,,sealed,1206,16220
Landscape Painter // Vibrant Idea,Landscape Painter,Vibrant Idea,{1}{U} // {4}{U},2.0,U,U,Creature — Merfolk Wizard // Sorcery,common,sos,56,"This creature enters prepared. (While it's prepared, you may cast a copy of its spell. Doing so unprepares it.)
//
Draw two cards.",False,False,0.5317979586495681,0.5043362241494329,-0.005845974034222823,3821,1499,,sealed,3821,34260
Mana Sculpt,Mana Sculpt,,{1}{U}{U},3.0,U,U,Instant,rare,sos,57,"Counter target spell. If you control a Wizard, add an amount of {C} equal to the amount of mana spent to cast that spell at the beginning of your next main phase.",False,False,0.57166392092257,0.5458715596330275,0.04913427665379533,1214,436,,sealed,1214,12907
Mathemagics,Mathemagics,,{X}{X}{U}{U},2.0,U,U,Sorcery,mythic,sos,58,"Target player draws 2ˣ cards. (2⁰ = 1, 2¹ = 2, 2² = 4, 2³ = 8, 2⁴ = 16, 2⁵ = 32, and so on.)",False,False,0.6320422535211268,0.574585635359116,0.10541503458621548,568,181,,sealed,568,9400
Matterbending Mage,Matterbending Mage,,{2}{U},3.0,U,U,Creature — Human Wizard,uncommon,sos,59,"When this creature enters, return up to one other target creature to its owner's hand.
Whenever you cast a spell with {X} in its mana cost, this creature can't be blocked this turn.",False,False,0.5970598062145005,0.5932802829354553,0.06215926371902125,2993,1131,,sealed,2993,33189
Muse Seeker,Muse Seeker,,{1}{U},2.0,U,U,Creature — Elf Wizard,uncommon,sos,60,"Opus — Whenever you cast an instant or sorcery spell, draw a card. Then discard a card unless five or more mana was spent to cast that spell.",False,False,0.5453137103020914,0.5370187561697927,0.02883019381857488,2582,1013,,sealed,2582,18492
Muse's Encouragement,Muse's Encouragement,,{4}{U},5.0,U,U,Instant,common,sos,61,"Create a 3/3 blue and red Elemental creature token with flying.
Surveil 2. (Look at the top two cards of your library, then put any number of them into your graveyard and the rest on top of your library in any order.)",False,False,0.5226514067715784,0.4955300127713921,-0.005679374239141333,2097,783,,sealed,2097,23004
"Orysa, Tide Choreographer","Orysa, Tide Choreographer",,{4}{U},5.0,U,U,Legendary Creature — Merfolk Bard,uncommon,sos,62,"This spell costs {3} less to cast if creatures you control have total toughness 10 or greater.
When Orysa enters, draw two cards.",False,False,0.5659432387312187,0.5274463007159904,0.029357872877560087,1198,419,,sealed,1198,12963
Pensive Professor,Pensive Professor,,{1}{U}{U},3.0,U,U,Creature — Human Wizard,rare,sos,63,"Increment (Whenever you cast a spell, if the amount of mana you spent is greater than this creature's power or toughness, put a +1/+1 counter on this creature.)
Whenever one or more +1/+1 counters are put on this creature, draw a card.",False,False,0.5994269340974212,0.5794392523364486,0.07354587682869873,1745,642,,sealed,1745,14626
Procrastinate,Procrastinate,,{X}{U},1.0,U,U,Sorcery,common,sos,64,"Tap target creature. Put twice X stun counters on it. (If a permanent with a stun counter would become untapped, remove one from it instead.)",False,False,0.5327193407658749,0.48202396804260983,0.030477188299507185,2063,751,,sealed,2063,21685
Quick Study,Quick Study,,{2}{U},3.0,U,U,Instant,common,sos,65,Draw two cards.,False,False,0.5526802218114603,0.5459770114942529,0.014962620264071469,2705,1044,,sealed,2705,42416
Run Behind,Run Behind,,{3}{U},4.0,U,U,Instant,common,sos,66,"This spell costs {1} less to cast if it targets an attacking creature.
Target creature's owner puts it on their choice of the top or bottom of their library.",False,False,0.5714561980274608,0.5340050377833753,0.042266781815785026,5171,1985,,sealed,5171,58682
Skycoach Conductor // All Aboard,Skycoach Conductor,All Aboard,{2}{U} // {U},3.0,U,U,Creature — Bird Pilot // Instant,rare,sos,67,"Flash
Flying, vigilance
This creature enters prepared. (While it's prepared, you may cast a copy of its spell. Doing so unprepares it.)
//
Exile target non-Pilot creature you control, then return that card to the battlefield under its owner's control.",False,False,0.5745526838966203,0.5602094240837696,0.05557735182830914,1006,382,,sealed,1006,12356
Spellbook Seeker // Careful Study,Spellbook Seeker,Careful Study,{3}{U} // {U},4.0,U,U,Creature — Bird Wizard // Sorcery,common,sos,68,"Flying
This creature enters prepared. (While it's prepared, you may cast a copy of its spell. Doing so unprepares it.)
//
Draw two cards, then discard two cards.",False,False,0.5445134575569358,0.48874172185430464,0.02055985190892773,1932,755,,sealed,1932,15290
Tester of the Tangential,Tester of the Tangential,,{1}{U},2.0,U,U,Creature — Djinn Wizard,uncommon,sos,69,"Increment (Whenever you cast a spell, if the amount of mana you spent is greater than this creature's power or toughness, put a +1/+1 counter on this creature.)
At the beginning of combat on your turn, you may pay {X}. When you do, move X +1/+1 counters from this creature onto another target creature.",False,False,0.5519366197183099,0.5477777777777778,0.03162547019367723,2272,900,,sealed,2272,16381
Textbook Tabulator,Textbook Tabulator,,{2}{U},3.0,U,U,Creature — Frog Wizard,common,sos,70,"Increment (Whenever you cast a spell, if the amount of mana you spent is greater than this creature's power or toughness, put a +1/+1 counter on this creature.)
When this creature enters, surveil 2. (Look at the top two cards of your library, then put any number of them into your graveyard and the rest on top of your library in any order.)",False,False,0.5255658005029338,0.5286624203821656,-0.015798495578343452,1193,471,,sealed,1193,17327
Wisdom of Ages,Wisdom of Ages,,{4}{U}{U}{U},7.0,U,U,Sorcery,rare,sos,71,"Return all instant and sorcery cards from your graveyard to your hand. You have no maximum hand size for the rest of the game.
Exile Wisdom of Ages.",False,False,0.572961373390558,0.5174825174825175,0.05196900697834428,466,143,,sealed,466,15845
Adventurous Eater // Have a Bite,Adventurous Eater,Have a Bite,{2}{B} // {B},3.0,B,B,Creature — Human Warlock // Sorcery,common,sos,72,"This creature enters prepared. (While it's prepared, you may cast a copy of its spell. Doing so unprepares it.)
//
Put a +1/+1 counter on target creature. You gain 1 life.",False,False,0.5416666666666666,0.5418353576248313,-0.02326201016560092,3456,1482,,sealed,3456,32200
Arcane Omens,Arcane Omens,,{4}{B},5.0,B,B,Sorcery,uncommon,sos,73,"Converge — Target player discards X cards, where X is the number of colors of mana spent to cast this spell.",True,False,0.6082089552238806,0.5645161290322581,0.10636393677369615,536,186,,sealed,536,26995
"Arnyn, Deathbloom Botanist","Arnyn, Deathbloom Botanist",,{2}{B},3.0,B,B,Legendary Creature — Vampire Druid,uncommon,sos,74,"Deathtouch
Whenever a creature you control with power or toughness 1 or less dies, target opponent loses 2 life and you gain 2 life.",False,False,0.5457025920873124,0.5054945054945055,-0.012351222877670986,2199,910,,sealed,2199,8676
Burrog Banemaker,Burrog Banemaker,,{B},1.0,B,B,Creature — Frog Warlock,common,sos,75,"Deathtouch
{1}{B}: This creature gets +1/+1 until end of turn.",False,False,0.5602973568281938,0.5838548185231539,-0.007458028856309307,3632,1598,,sealed,3632,28536
Cheerful Osteomancer // Raise Dead,Cheerful Osteomancer,Raise Dead,{3}{B} // {B},4.0,B,B,Creature — Orc Warlock // Sorcery,common,sos,76,"This creature enters prepared. (While it's prepared, you may cast a copy of its spell. Doing so unprepares it.)
//
Return target creature card from your graveyard to your hand.",False,False,0.5626072041166381,0.5477057538237436,-0.0009759054757465524,3498,1373,,sealed,3498,22225
Cost of Brilliance,Cost of Brilliance,,{2}{B},3.0,B,B,Sorcery,common,sos,77,Target player draws two cards and loses 2 life. Put a +1/+1 counter on up to one target creature.,False,False,0.5817403708987161,0.546896551724138,0.023896485823709734,3505,1450,,sealed,3505,39119
Decorum Dissertation,Decorum Dissertation,,{3}{B}{B},5.0,B,B,Sorcery — Lesson,mythic,sos,78,"Target player draws two cards and loses 2 life.
Paradigm (Then exile this spell. After you first resolve a spell with this name, you may cast a copy of it from exile without paying its mana cost at the beginning of each of your first main phases.)",False,False,0.5815126050420169,0.5775862068965517,0.05677302170868348,595,232,,sealed,595,4812
Dissection Practice,Dissection Practice,,{B},1.0,B,B,Instant,uncommon,sos,79,"Target opponent loses 1 life and you gain 1 life.
Up to one target creature gets +1/+1 until end of turn.
Up to one target creature gets -1/-1 until end of turn.",False,False,0.6097383720930233,0.620253164556962,0.05227980855711167,1376,553,,sealed,1376,18961
Emeritus of Woe // Demonic Tutor,Emeritus of Woe,Demonic Tutor,{3}{B} // {1}{B},4.0,B,B,Creature — Vampire Warlock // Sorcery,mythic,sos,80,"This creature enters prepared. (While it's prepared, you may cast a copy of its spell. Doing so unprepares it.)
At the beginning of your end step, if two or more creatures died this turn, this creature becomes prepared.
//
Search your library for a card, put that card into your hand, then shuffle.",False,False,0.5906571654790183,0.5637450199203188,0.020487247291478883,1263,502,,sealed,1263,6406
End of the Hunt,End of the Hunt,,{1}{B},2.0,B,B,Sorcery,uncommon,sos,81,Target opponent exiles a creature or planeswalker they control with the greatest mana value among creatures and planeswalkers they control.,False,False,0.5979807251032584,0.6036036036036037,0.03665815686027496,2179,888,,sealed,2179,26194
Eternal Student,Eternal Student,,{3}{B},4.0,B,B,Creature — Zombie Warlock,uncommon,sos,82,"{1}{B}, Exile this card from your graveyard: Create two 1/1 white and black Inkling creature tokens with flying.",False,False,0.5680139069969579,0.5628803245436106,0.016350159186099722,2301,986,,sealed,2301,16448
Foolish Fate,Foolish Fate,,{2}{B},3.0,B,B,Instant,uncommon,sos,83,"Destroy target creature.
Infusion — If you gained life this turn, that creature's controller loses 3 life.",False,False,0.6069311445508436,0.5960154952960708,0.03889384060849521,4386,1807,,sealed,4386,26681
Forum Necroscribe,Forum Necroscribe,,{5}{B},6.0,B,B,Creature — Troll Warlock,uncommon,sos,84,"Ward—Discard a card.
Repartee — Whenever you cast an instant or sorcery spell that targets a creature, return target creature card from your graveyard to the battlefield.",False,False,0.5455580865603644,0.4883495145631068,0.0024352907924900524,2634,1030,,sealed,2634,13815
Grave Researcher // Reanimate,Grave Researcher,Reanimate,{2}{B} // {B},3.0,B,B,Creature — Troll Warlock // Sorcery,rare,sos,85,"At the beginning of your upkeep, surveil 1. Then if there are three or more creature cards in your graveyard, this creature becomes prepared. (While it's prepared, you may cast a copy of its spell. Doing so unprepares it.)
//
Put target creature card from a graveyard onto the battlefield under your control. You lose life equal to that card's mana value.",False,False,0.5733573357335734,0.5470383275261324,0.012078472500891335,2222,861,,sealed,2222,9657
Last Gasp,Last Gasp,,{1}{B},2.0,B,B,Instant,common,sos,86,Target creature gets -3/-3 until end of turn.,False,False,0.5829626634317293,0.5883076923076923,0.028968173073602554,7419,3250,,sealed,7419,55878
Lecturing Scornmage,Lecturing Scornmage,,{B},1.0,B,B,Creature — Human Warlock,uncommon,sos,87,"Repartee — Whenever you cast an instant or sorcery spell that targets a creature, put a +1/+1 counter on this creature.",False,False,0.5766721044045677,0.5599284436493739,0.018630991949912357,1226,559,,sealed,1226,20800
Leech Collector // Bloodletting,Leech Collector,Bloodletting,{1}{B} // {B},2.0,B,B,Creature — Human Warlock // Sorcery,uncommon,sos,88,"Whenever you gain life for the first time each turn, this creature becomes prepared. (While it's prepared, you may cast a copy of its spell. Doing so unprepares it.)
//
Each opponent loses 2 life.",False,False,0.5316565481352992,0.5204918032786885,-0.04883656281466453,2306,976,,sealed,2306,12166
Masterful Flourish,Masterful Flourish,,{B},1.0,B,B,Instant,common,sos,89,"Target creature you control gets +1/+0 and gains indestructible until end of turn. (Damage and effects that say ""destroy"" don't destroy it.)",False,False,0.5806288032454361,0.5758323057953144,0.046277658207268146,1972,811,,sealed,1972,17147
Melancholic Poet,Melancholic Poet,,{1}{B},2.0,B,B,Creature — Elf Bard,common,sos,90,"Repartee — Whenever you cast an instant or sorcery spell that targets a creature, each opponent loses 1 life and you gain 1 life.",False,False,0.5535823637477036,0.5724381625441696,0.007390769977701495,4899,2264,,sealed,4899,41752
"Moseo, Vein's New Dean","Moseo, Vein's New Dean",,{2}{B},3.0,B,B,Legendary Creature — Bird Skeleton Warlock,rare,sos,91,"Flying
When Moseo enters, create a 1/1 black and green Pest creature token with ""Whenever this token attacks, you gain 1 life.""
Infusion — At the beginning of your end step, if you gained life this turn, return up to one target creature card with mana value X or less from your graveyard to the battlefield, where X is the amount of life you gained this turn.",False,False,0.6347252747252747,0.6331491712707182,0.08239752798412014,2275,905,,sealed,2275,12120
Poisoner's Apprentice,Poisoner's Apprentice,,{2}{B},3.0,B,B,Creature — Orc Warlock,uncommon,sos,92,"Infusion — When this creature enters, target creature an opponent controls gets -4/-4 until end of turn if you gained life this turn.",False,False,0.5805739514348786,0.5714285714285714,0.014210048710003087,3171,1344,,sealed,3171,15235
Postmortem Professor,Postmortem Professor,,{1}{B},2.0,B,B,Creature — Zombie Warlock,rare,sos,93,"This creature can't block.
Whenever this creature attacks, each opponent loses 1 life and you gain 1 life.
{1}{B}, Exile an instant or sorcery card from your graveyard: Return this card from your graveyard to the battlefield.",False,False,0.6406844106463878,0.7064017660044151,0.09160465604516077,1052,453,,sealed,1052,11377
Pox Plague,Pox Plague,,{B}{B}{B}{B}{B},5.0,B,B,Sorcery,rare,sos,94,"Each player loses half their life, then discards half the cards in their hand, then sacrifices half the permanents they control of their choice. Round down each time.",False,False,0.4074074074074074,0.3333333333333333,-0.0671688637790333,54,24,,premier,10,54
Pull from the Grave,Pull from the Grave,,{2}{B},3.0,B,B,Sorcery,common,sos,95,Return up to two target creature cards from your graveyard to your hand. You gain 2 life.,False,False,0.5572232645403377,0.5174129353233831,0.003731436902893348,2132,804,,sealed,2132,16806
Rabid Attack,Rabid Attack,,{1}{B},2.0,B,B,Instant,uncommon,sos,96,"Until end of turn, any number of target creatures you control each get +1/+0 and gain ""When this creature dies, draw a card.""",False,False,0.5161290322580645,0.5043478260869565,-0.01244239631336408,310,115,,sealed,310,4469
"Ral Zarek, Guest Lecturer","Ral Zarek, Guest Lecturer",,{1}{B}{B},3.0,B,B,Legendary Planeswalker — Ral,mythic,sos,97,"+1: Surveil 2.
−1: Any number of target players each discard a card.
−2: Return target creature card with mana value 3 or less from your graveyard to the battlefield.
−7: Flip five coins. Target opponent skips their next X turns, where X is the number of coins that came up heads.",False,False,0.5571955719557196,0.5120772946859904,0.032805328053280514,542,207,,sealed,542,3906
Scathing Shadelock // Venomous Words,Scathing Shadelock,Venomous Words,{4}{B} // {B},5.0,B,B,Creature — Snake Warlock // Sorcery,uncommon,sos,98,"At the beginning of your first main phase, this creature becomes prepared. (While it's prepared, you may cast a copy of its spell. Doing so unprepares it.)
//
Target creature you control gets +2/+0 and gains deathtouch until end of turn.",False,False,0.5362647325475974,0.49888392857142855,-0.031584954300001744,2206,896,,sealed,2206,10363
Scheming Silvertongue // Sign in Blood,Scheming Silvertongue,Sign in Blood,{1}{B} // {B}{B},2.0,B,B,Creature — Vampire Warlock // Sorcery,rare,sos,99,"Flying, lifelink
At the beginning of your second main phase, if you gained 2 or more life this turn, this creature becomes prepared. (While it's prepared, you may cast a copy of its spell. Doing so unprepares it.)
//
Target player draws two cards and loses 2 life.",False,False,0.5972350230414747,0.6186152099886493,0.061693827564899606,2170,881,,sealed,2170,11576
Send in the Pest,Send in the Pest,,{1}{B},2.0,B,B,Sorcery,common,sos,100,"Each opponent discards a card. You create a 1/1 black and green Pest creature token with ""Whenever this token attacks, you gain 1 life.""",False,False,0.5834372661511599,0.5881057268722467,0.03010393281782653,4009,1816,,sealed,4009,31692
Sneering Shadewriter,Sneering Shadewriter,,{4}{B},5.0,B,B,Creature — Vampire Warlock,common,sos,101,"Flying
When this creature enters, each opponent loses 2 life and you gain 2 life.",False,False,0.5535130718954249,0.546,-0.0004742252111382683,2448,1000,,sealed,2448,20627
Tragedy Feaster,Tragedy Feaster,,{2}{B}{B},4.0,B,B,Creature — Demon,rare,sos,102,"Trample
Ward—Discard a card.
Infusion — At the beginning of your end step, sacrifice a permanent unless you gained life this turn.",False,False,0.5696544276457883,0.5478502080443828,0.0008138479356434303,1852,721,,sealed,1852,7972
Ulna Alley Shopkeep,Ulna Alley Shopkeep,,{2}{B},3.0,B,B,Creature — Goblin Warlock,common,sos,103,"Menace (This creature can't be blocked except by two or more creatures.)
Infusion — This creature gets +2/+0 as long as you gained life this turn.",False,False,0.4722222222222222,0.4698275862068966,-0.03043735224586286,540,232,,sealed,540,5973
Wander Off,Wander Off,,{3}{B},4.0,B,B,Instant,common,sos,104,Exile target creature.,False,False,0.5750169721656483,0.5474166121648136,0.023342456205418083,7365,3058,,sealed,7365,47942
Withering Curse,Withering Curse,,{1}{B}{B},3.0,B,B,Sorcery,mythic,sos,105,"All creatures get -2/-2 until end of turn.
Infusion — If you gained life this turn, destroy all creatures instead.",False,False,0.5466321243523317,0.4900662251655629,-0.025401773952753115,386,151,,sealed,386,3049
Ancestral Anger,Ancestral Anger,,{R},1.0,R,R,Sorcery,common,sos,106,"Target creature gains trample and gets +X/+0 until end of turn, where X is 1 plus the number of cards named Ancestral Anger in your graveyard.
Draw a card.",False,False,0.5674931129476584,0.5526315789473685,0.07264775212291608,363,152,,sealed,363,7850
Archaic's Agony,Archaic's Agony,,{4}{R},5.0,R,R,Sorcery,uncommon,sos,107,"Converge — Archaic's Agony deals X damage to target creature, where X is the number of colors of mana spent to cast this spell. Exile cards from the top of your library equal to the excess damage dealt to that creature this way. You may play those cards until the end of your next turn.",True,False,0.5727002967359051,0.5447154471544715,0.0481101328014788,337,123,,sealed,337,19444
Artistic Process,Artistic Process,,{3}{R}{R},5.0,R,R,Sorcery,uncommon,sos,108,"Choose one —
• Artistic Process deals 6 damage to target creature.
• Artistic Process deals 2 damage to each creature you don't control.
• Create a 3/3 blue and red Elemental creature token with flying. It gains haste until end of turn.",False,False,0.5671779141104294,0.5287356321839081,0.030214336757382165,3260,1131,,sealed,3260,31012
Blazing Firesinger // Seething Song,Blazing Firesinger,Seething Song,{2}{R} // {2}{R},3.0,R,R,Creature — Dwarf Bard // Instant,uncommon,sos,109,"This creature enters prepared. (While it's prepared, you may cast a copy of its spell. Doing so unprepares it.)
//
Add {R}{R}{R}{R}{R}.",False,False,0.5385694249649369,0.5608856088560885,0.01870961188082476,713,271,,sealed,713,9166
Charging Strifeknight,Charging Strifeknight,,{2}{R},3.0,R,R,Creature — Spirit Knight,uncommon,sos,110,"Haste
{T}, Discard a card: Draw a card.",False,False,0.5739602169981917,0.5696649029982364,-0.0035133362065375984,2765,1134,,sealed,2765,28333
Choreographed Sparks,Choreographed Sparks,,{R}{R},2.0,R,R,Instant,rare,sos,111,"This spell can't be copied.
Choose one or both —
• Copy target instant or sorcery spell you control. You may choose new targets for the copy.
• Copy target creature spell you control. The copy gains haste and ""At the beginning of the end step, sacrifice this token.""",False,False,0.45454545454545453,0.41475826972010177,-0.0389110504583946,1056,393,,premier,113,1056
Duel Tactics,Duel Tactics,,{R},1.0,R,R,Sorcery,uncommon,sos,112,"Duel Tactics deals 1 damage to target creature. It can't block this turn.
Flashback {1}{R} (You may cast this card from your graveyard for its flashback cost. Then exile it.)",False,False,0.5775978407557355,0.6254180602006689,-0.005230442072547303,741,299,,sealed,741,10370
Emeritus of Conflict // Lightning Bolt,Emeritus of Conflict,Lightning Bolt,{1}{R} // {R},2.0,R,R,Creature — Human Wizard // Instant,mythic,sos,113,"First strike
Whenever you cast your third spell each turn, this creature becomes prepared. (While it's prepared, you may cast a copy of its spell. Doing so unprepares it.)
//
Lightning Bolt deals 3 damage to any target.",False,False,0.5707171314741036,0.5512820512820513,0.02411763525244115,1004,390,,sealed,1004,6346
Expressive Firedancer,Expressive Firedancer,,{1}{R},2.0,R,R,Creature — Human Sorcerer,common,sos,114,"Opus — Whenever you cast an instant or sorcery spell, this creature gets +1/+1 until end of turn. If five or more mana was spent to cast that spell, this creature also gains double strike until end of turn.",False,False,0.5543847722637661,0.5580645161290323,0.016194407986445336,2942,1240,,sealed,2942,41147
Flashback,Flashback,,{R},1.0,R,R,Instant,rare,sos,115,Target instant or sorcery card in your graveyard gains flashback until end of turn. The flashback cost is equal to its mana cost. (You may cast that card from your graveyard for its flashback cost. Then exile it.),False,False,0.5548961424332344,0.549407114624506,0.028643159139678298,674,253,,sealed,674,9004
Garrison Excavator,Garrison Excavator,,{3}{R},4.0,R,R,Creature — Orc Sorcerer,uncommon,sos,116,"Menace (This creature can't be blocked except by two or more creatures.)
Whenever one or more cards leave your graveyard, create a 2/2 red and white Spirit creature token.",False,False,0.5955172413793104,0.595138306789606,0.014009509420547461,2900,1193,,sealed,2900,25465
Goblin Glasswright // Craft with Pride,Goblin Glasswright,Craft with Pride,{1}{R} // {R},2.0,R,R,Creature — Goblin Sorcerer // Sorcery,common,sos,117,"This creature enters prepared. (While it's prepared, you may cast a copy of its spell. Doing so unprepares it.)
//
Create a Treasure token. (It's an artifact with ""{T}, Sacrifice this token: Add one mana of any color."")",False,False,0.5539714867617108,0.5589668615984406,0.016995509371225626,4910,2052,,sealed,4910,48695
Heated Argument,Heated Argument,,{4}{R},5.0,R,R,Instant,common,sos,118,"Heated Argument deals 6 damage to target creature. You may exile a card from your graveyard. If you do, Heated Argument also deals 2 damage to that creature's controller.",False,False,0.5815273477812177,0.5689424364123159,0.02913213820037941,3876,1494,,sealed,3876,55425
Impractical Joke,Impractical Joke,,{R},1.0,R,R,Sorcery,uncommon,sos,119,Damage can't be prevented this turn. Impractical Joke deals 3 damage to up to one target creature or planeswalker.,False,False,0.5920852359208524,0.5909694555112882,0.03602940521396358,1971,753,,sealed,1971,38059
Improvisation Capstone,Improvisation Capstone,,{5}{R}{R},7.0,R,R,Sorcery — Lesson,mythic,sos,120,"Exile cards from the top of your library until you exile cards with total mana value 4 or greater. You may cast any number of spells from among them without paying their mana costs.
Paradigm (Then exile this spell. After you first resolve a spell with this name, you may cast a copy of it from exile without paying its mana cost at the beginning of each of your first main phases.)",False,False,0.6513605442176871,0.6296296296296297,0.09436198721913003,588,189,,sealed,588,9163
Living History,Living History,,{1}{R},2.0,R,R,Enchantment,uncommon,sos,121,"When this enchantment enters, create a 2/2 red and white Spirit creature token.
Whenever you attack, if a card left your graveyard this turn, target attacking creature gets +2/+0 until end of turn.",False,False,0.5998103366524419,0.5887640449438202,-0.0017903747748591048,2109,890,,sealed,2109,23257
Maelstrom Artisan // Rocket Volley,Maelstrom Artisan,Rocket Volley,{1}{R}{R} // {1}{R},3.0,R,R,Creature — Minotaur Sorcerer // Sorcery,rare,sos,122,"Haste
This creature enters prepared. (While it's prepared, you may cast a copy of its spell. Doing so unprepares it.)
//
Destroy target nonbasic land.",False,False,0.5451977401129944,0.5507246376811594,0.03352045773507506,354,138,,sealed,354,3782
Magmablood Archaic,Magmablood Archaic,,{2/R}{2/R}{2/R},6.0,R,R,Creature — Avatar,rare,sos,123,"Reach, trample
Converge — This creature enters with a +1/+1 counter on it for each color of mana spent to cast it.
Whenever you cast an instant or sorcery spell, creatures you control get +1/+0 until end of turn for each color of mana spent to cast that spell.",True,False,0.5876475930971844,0.5767326732673267,0.04151105896365104,1101,404,,sealed,1101,14168
"Mica, Reader of Ruins","Mica, Reader of Ruins",,{3}{R},4.0,R,R,Legendary Creature — Human Artificer,uncommon,sos,124,"Ward—Pay 3 life. (Whenever this creature becomes the target of a spell or ability an opponent controls, counter it unless that player pays 3 life.)
Whenever you cast an instant or sorcery spell, you may sacrifice an artifact. If you do, copy that spell and you may choose new targets for the copy.",False,False,0.5601851851851852,0.49242424242424243,0.017223576410048125,432,132,,sealed,432,8030
Molten-Core Maestro,Molten-Core Maestro,,{1}{R},2.0,R,R,Creature — Goblin Bard,rare,sos,125,"Menace
Opus — Whenever you cast an instant or sorcery spell, put a +1/+1 counter on this creature. If five or more mana was spent to cast that spell, add an amount of {R} equal to this creature's power.",False,False,0.6001821493624773,0.6359338061465721,0.07134951926402433,2196,846,,sealed,2196,16326
Pigment Wrangler // Striking Palette,Pigment Wrangler,Striking Palette,{4}{R} // {R},5.0,R,R,Creature — Orc Sorcerer // Sorcery,uncommon,sos,126,"Flying
This creature enters prepared. (While it's prepared, you may cast a copy of its spell. Doing so unprepares it.)
//
When you next cast an instant or sorcery spell this turn, copy that spell. You may choose new targets for the copy.",False,False,0.539888033589923,0.50935960591133,-0.0025542597831224034,2858,1015,,sealed,2858,17405
Rearing Embermare,Rearing Embermare,,{4}{R},5.0,R,R,Creature — Horse Beast,common,sos,127,"Reach, haste",False,False,0.5204081632653061,0.41968911917098445,0.02172395273899036,588,193,,sealed,588,5595
Rubble Rouser,Rubble Rouser,,{2}{R},3.0,R,R,Creature — Dwarf Sorcerer,common,sos,128,"When this creature enters, you may discard a card. If you do, draw a card.
{T}, Exile a card from your graveyard: Add {R}. When you do, this creature deals 1 damage to each opponent.",False,False,0.6147978642257819,0.6194456665200176,0.050544102534037294,5244,2273,,sealed,5244,66846
Seize the Spoils,Seize the Spoils,,{2}{R},3.0,R,R,Sorcery,common,sos,129,"As an additional cost to cast this spell, discard a card.
Draw two cards and create a Treasure token. (It's an artifact with ""{T}, Sacrifice this token: Add one mana of any color."")",False,False,0.563431151241535,0.5426900584795321,0.027532512104979423,2215,855,,sealed,2215,38564
Steal the Show,Steal the Show,,{2}{R},3.0,R,R,Sorcery,rare,sos,130,"Choose one or both —
• Target player discards any number of cards, then draws that many cards.
• Steal the Show deals damage equal to the number of instant and sorcery cards in your graveyard to target creature or planeswalker.",False,False,0.5308056872037915,0.46794871794871795,-0.012227099681454412,422,156,,sealed,422,6844
Strife Scholar // Awaken the Ages,Strife Scholar,Awaken the Ages,{2}{R} // {5}{R},3.0,R,R,Creature — Orc Sorcerer // Sorcery,common,sos,131,"Ward—Pay 2 life.
This creature enters prepared. (While it's prepared, you may cast a copy of its spell. Doing so unprepares it.)
//
Create two 2/2 red and white Spirit creature tokens.",False,False,0.533678756476684,0.5218181818181818,-0.007907317024283156,1351,550,,sealed,1351,14793
Tablet of Discovery,Tablet of Discovery,,{2}{R},3.0,R,R,Artifact,uncommon,sos,132,"When this artifact enters, mill a card. You may play that card this turn. (To mill a card, put the top card of your library into your graveyard.)
{T}: Add {R}.
{T}: Add {R}{R}. Spend this mana only to cast instant and sorcery spells.",False,False,0.589773387565369,0.568503937007874,0.023034959147715584,1721,635,,sealed,1721,26997
Tackle Artist,Tackle Artist,,{3}{R},4.0,R,R,Creature — Orc Sorcerer,common,sos,133,"Trample
Opus — Whenever you cast an instant or sorcery spell, put a +1/+1 counter on this creature. If five or more mana was spent to cast that spell, put two +1/+1 counters on this creature instead.",False,False,0.5433015199717215,0.5292397660818714,0.010705708039678852,2829,1026,,sealed,2829,27729
Thunderdrum Soloist,Thunderdrum Soloist,,{1}{R},2.0,R,R,Creature — Dwarf Bard,uncommon,sos,134,"Reach
Opus — Whenever you cast an instant or sorcery spell, this creature deals 1 damage to each opponent. If five or more mana was spent to cast that spell, this creature deals 3 damage to each opponent instead.",False,False,0.562213899292551,0.5386266094420601,0.024684761763413388,2403,932,,sealed,2403,20712
Tome Blast,Tome Blast,,{1}{R},2.0,R,R,Sorcery,common,sos,135,"Tome Blast deals 2 damage to any target.
Flashback {4}{R} (You may cast this card from your graveyard for its flashback cost. Then exile it.)",False,False,0.5964570128392654,0.5803605677023399,0.017724543462379283,6153,2607,,sealed,6153,77955
Unsubtle Mockery,Unsubtle Mockery,,{2}{R},3.0,R,R,Instant,common,sos,136,Unsubtle Mockery deals 4 damage to target creature. Surveil 1. (Look at the top card of your library. You may put it into your graveyard.),False,False,0.5899922420480993,0.5819698427975618,0.0506477070289677,7734,3117,,sealed,7734,77826
Zealous Lorecaster,Zealous Lorecaster,,{5}{R},6.0,R,R,Creature — Giant Sorcerer,common,sos,137,"When this creature enters, return target instant or sorcery card from your graveyard to your hand.",False,False,0.5707402540516864,0.5377008652657602,0.0021356028888956935,2283,809,,sealed,2283,42223
Aberrant Manawurm,Aberrant Manawurm,,{3}{G},4.0,G,G,Creature — Wurm,uncommon,sos,138,"Trample
Whenever you cast an instant or sorcery spell, this creature gets +X/+0 until end of turn, where X is the amount of mana spent to cast that spell.",False,False,0.5262172284644194,0.5213270142180095,-0.00048900298958654,534,211,,sealed,534,7617
Additive Evolution,Additive Evolution,,{3}{G}{G},5.0,G,G,Enchantment,uncommon,sos,139,"When this enchantment enters, create a 0/0 green and blue Fractal creature token. Put three +1/+1 counters on it.
At the beginning of combat on your turn, put a +1/+1 counter on target creature you control. It gains vigilance until end of turn.",False,False,0.5901754385964912,0.5709057639524245,0.05216565066826939,2850,1093,,sealed,2850,21927
Ambitious Augmenter,Ambitious Augmenter,,{G},1.0,G,G,Creature — Turtle Wizard,rare,sos,140,"Increment (Whenever you cast a spell, if the amount of mana you spent is greater than this creature's power or toughness, put a +1/+1 counter on this creature.)
When this creature dies, if it had one or more counters on it, create a 0/0 green and blue Fractal creature token, then put this creature's counters on that token.",False,False,0.6129374337221634,0.6365979381443299,0.08959023076330996,1886,776,,sealed,1886,12296
Burrog Barrage,Burrog Barrage,,{1}{G},2.0,G,G,Instant,common,sos,141,Target creature you control gets +1/+0 until end of turn if you've cast another instant or sorcery spell this turn. Then it deals damage equal to its power to up to one target creature an opponent controls.,False,False,0.5831990794016111,0.5554916618746406,0.02158121548756009,4345,1739,,sealed,4345,36365
Chelonian Tackle,Chelonian Tackle,,{2}{G},3.0,G,G,Sorcery,uncommon,sos,142,Target creature you control gets +0/+10 until end of turn. Then it fights up to one target creature an opponent controls. (Each deals damage equal to its power to the other.),False,False,0.5274542429284526,0.4769874476987448,0.0160906065648162,1202,478,,sealed,1202,6765
Comforting Counsel,Comforting Counsel,,{1}{G},2.0,G,G,Enchantment,rare,sos,143,"Whenever you gain life, put a growth counter on this enchantment.
As long as there are five or more growth counters on this enchantment, creatures you control get +3/+3.",False,False,0.4523809523809524,0.4803921568627451,-0.04926921263554923,252,102,,sealed,252,2601
Efflorescence,Efflorescence,,{2}{G},3.0,G,G,Instant,common,sos,144,"Put two +1/+1 counters on target creature.
Infusion — If you gained life this turn, that creature also gains trample and indestructible until end of turn.",False,False,0.48655913978494625,0.45625,-0.0434615641488012,372,160,,sealed,372,2727
Emeritus of Abundance // Regrowth,Emeritus of Abundance,Regrowth,{2}{G} // {1}{G},3.0,G,G,Creature — Elf Druid // Sorcery,mythic,sos,145,"Vigilance
This creature enters prepared.
Whenever this creature attacks, if you control eight or more lands, this creature becomes prepared.
//
Return target card from your graveyard to your hand.",False,False,0.5801253357206804,0.5497737556561086,0.05393875634261158,1117,442,,sealed,1117,6373
"Emil, Vastlands Roamer","Emil, Vastlands Roamer",,{2}{G},3.0,G,G,Legendary Creature — Elf Druid,uncommon,sos,146,"Creatures you control with +1/+1 counters on them have trample.
{4}{G}, {T}: Create a 0/0 green and blue Fractal creature token. Put X +1/+1 counters on it, where X is the number of differently named lands you control.",False,False,0.5384319754035357,0.5028409090909091,-0.010970847614922508,2602,1056,,sealed,2602,16347
Environmental Scientist,Environmental Scientist,,{1}{G},2.0,G,G,Creature — Human Druid,uncommon,sos,147,"When this creature enters, you may search your library for a basic land card, reveal it, put it into your hand, then shuffle.",False,False,0.6205962059620597,0.6617647058823529,0.07660849946955106,2214,884,,sealed,2214,30676
Follow the Lumarets,Follow the Lumarets,,{1}{G},2.0,G,G,Sorcery,common,sos,148,"Infusion — Look at the top four cards of your library. You may reveal a creature or land card from among them and put it into your hand. If you gained life this turn, you may instead reveal two creature and/or land cards from among them and put them into your hand. Put the rest on the bottom of your library in a random order.",False,False,0.5551447935921133,0.546242774566474,-0.01706094330205088,1623,692,,sealed,1623,12735
Germination Practicum,Germination Practicum,,{3}{G}{G},5.0,G,G,Sorcery — Lesson,mythic,sos,149,"Put two +1/+1 counters on each creature you control.
Paradigm (Then exile this spell. After you first resolve a spell with this name, you may cast a copy of it from exile without paying its mana cost at the beginning of each of your first main phases.)",False,False,0.619533527696793,0.5770750988142292,0.09548913805437631,686,253,,sealed,686,6146
Glorious Decay,Glorious Decay,,{1}{G},2.0,G,G,Instant,common,sos,150,"Choose one —
• Destroy target artifact.
• Glorious Decay deals 4 damage to target creature with flying.
• Exile target card from a graveyard. Draw a card.",False,False,0.5316742081447964,0.46745562130177515,0.00025589575700468714,442,169,,sealed,442,3075
Hungry Graffalon,Hungry Graffalon,,{3}{G},4.0,G,G,Creature — Giraffe,common,sos,151,"Reach
Increment (Whenever you cast a spell, if the amount of mana you spent is greater than this creature's power or toughness, put a +1/+1 counter on this creature.)",False,False,0.5436308926780341,0.5320855614973262,0.017901904684895165,997,374,,sealed,997,7295
Infirmary Healer // Stream of Life,Infirmary Healer,Stream of Life,{1}{G} // {X}{G},2.0,G,G,Creature — Cat Cleric // Sorcery,uncommon,sos,152,"This creature enters prepared. (While it's prepared, you may cast a copy of its spell. Doing so unprepares it.)
//
Target player gains X life.",False,False,0.5279060008392782,0.5242718446601942,-0.05105916656011311,2383,1030,,sealed,2383,16941
Lumaret's Favor,Lumaret's Favor,,{1}{G},2.0,G,G,Instant,uncommon,sos,153,"Infusion — When you cast this spell, copy it if you gained life this turn. You may choose new targets for the copy.
Target creature gets +2/+4 until end of turn.",False,False,0.5537190082644629,0.558252427184466,0.010905552606970459,484,206,,sealed,484,3568
Mindful Biomancer,Mindful Biomancer,,{1}{G},2.0,G,G,Creature — Dryad Druid,common,sos,154,"When this creature enters, you gain 1 life.
{2}{G}: This creature gets +2/+2 until end of turn. Activate only once each turn.",False,False,0.5419243986254295,0.5427018633540373,-0.008482614524226051,2910,1288,,sealed,2910,25954
Noxious Newt,Noxious Newt,,{1}{G},2.0,G,G,Creature — Salamander,common,sos,155,"Deathtouch
{T}: Add {G}.",False,False,0.5705521472392638,0.5711698659905832,0.009394202273461438,6194,2761,,sealed,6194,43275
Oracle's Restoration,Oracle's Restoration,,{G},1.0,G,G,Sorcery,common,sos,156,Target creature you control gets +1/+1 until end of turn. You draw a card and gain 1 life.,False,False,0.5376782077393075,0.485,-0.006155373241375939,491,200,,sealed,491,5706
Pestbrood Sloth,Pestbrood Sloth,,{3}{G},4.0,G,G,Creature — Plant Sloth,uncommon,sos,157,"Reach
When this creature dies, create two 1/1 black and green Pest creature tokens with ""Whenever this token attacks, you gain 1 life.""",False,False,0.6148231330713082,0.6269284712482468,0.06670283231942853,3562,1426,,sealed,3562,24813
Planar Engineering,Planar Engineering,,{3}{G},4.0,G,G,Sorcery,rare,sos,158,"Sacrifice two lands. Search your library for four basic land cards, put them onto the battlefield tapped, then shuffle.",False,False,0.4823529411764706,0.43636363636363634,-0.021594427244581993,595,220,,sealed,595,5671
Shopkeeper's Bane,Shopkeeper's Bane,,{2}{G},3.0,G,G,Creature — Badger Pest,common,sos,159,"Trample
Whenever this creature attacks, you gain 2 life.",False,False,0.5624747270521634,0.5643835616438356,0.008572730681927432,2473,1095,,sealed,2473,20271
Slumbering Trudge,Slumbering Trudge,,{X}{G},1.0,G,G,Creature — Plant Beast,rare,sos,160,"This creature enters with a number of stun counters on it equal to three minus X. If X is 2 or less, it enters tapped. (If a permanent with a stun counter would become untapped, remove one from it instead.)",False,False,0.6116657908565423,0.6531468531468532,0.10077563934139078,1903,715,,sealed,1903,13058
Snarl Song,Snarl Song,,{5}{G},6.0,G,G,Sorcery,uncommon,sos,161,"Converge — Create two 0/0 green and blue Fractal creature tokens. Put X +1/+1 counters on each of them and you gain X life, where X is the number of colors of mana spent to cast this spell.",True,False,0.6264591439688716,0.5710455764075067,0.09318418775170867,1028,373,,sealed,1028,38874
Studious First-Year // Rampant Growth,Studious First-Year,Rampant Growth,{G} // {1}{G},1.0,G,G,Creature — Bear Wizard // Sorcery,common,sos,162,"This creature enters prepared. (While it's prepared, you may cast a copy of its spell. Doing so unprepares it.)
//
Search your library for a basic land card, put that card onto the battlefield tapped, then shuffle.",False,False,0.5740322580645161,0.5921726408193123,0.041465886383100115,6200,2734,,sealed,6200,51103
Tenured Concocter,Tenured Concocter,,{4}{G},5.0,G,G,Creature — Troll Druid,common,sos,163,"Vigilance
Whenever this creature becomes the target of a spell or ability an opponent controls, you may draw a card.
Infusion — This creature gets +2/+0 as long as you gained life this turn.",False,False,0.5459496255956433,0.5366666666666666,-0.0010498433369111604,1469,600,,sealed,1469,16888
Thornfist Striker,Thornfist Striker,,{2}{G},3.0,G,G,Creature — Elf Druid,uncommon,sos,164,"Ward {1} (Whenever this creature becomes the target of a spell or ability an opponent controls, counter it unless that player pays {1}.)
Infusion — Creatures you control get +1/+0 and have trample as long as you gained life this turn.",False,False,0.5815028901734104,0.5562977099236641,0.027245795014812724,2595,1048,,sealed,2595,15096
Topiary Lecturer,Topiary Lecturer,,{2}{G},3.0,G,G,Creature — Elf Druid,uncommon,sos,165,"Increment (Whenever you cast a spell, if the amount of mana you spent is greater than this creature's power or toughness, put a +1/+1 counter on this creature.)
{T}: Add an amount of {G} equal to this creature's power.",False,False,0.5604486913169922,0.5508298755186722,0.017602936036003713,2407,964,,sealed,2407,15183
Vastlands Scavenger // Bind to Life,Vastlands Scavenger,Bind to Life,{1}{G}{G} // {4}{G},3.0,G,G,Creature — Bear Druid // Instant,rare,sos,166,"Deathtouch
This creature enters prepared. (While it's prepared, you may cast a copy of its spell. Doing so unprepares it.)
//
Mill seven cards. Then put a creature card from among them onto the battlefield.",False,False,0.5872093023255814,0.571103526734926,0.027300591789255813,2236,879,,sealed,2236,10036
Wild Hypothesis,Wild Hypothesis,,{X}{G},1.0,G,G,Sorcery,common,sos,167,"Create a 0/0 green and blue Fractal creature token. Put X +1/+1 counters on it.
Surveil 2. (Look at the top two cards of your library, then put any number of them into your graveyard and the rest on top of your library in any order.)",False,False,0.5466867469879518,0.5205992509363296,0.021032296726171684,1992,801,,sealed,1992,15338
Wildgrowth Archaic,Wildgrowth Archaic,,{2/G}{2/G},4.0,G,G,Creature — Avatar,rare,sos,168,"Reach, trample
Converge — This creature enters with a +1/+1 counter on it for each color of mana spent to cast it.
Whenever you cast a creature spell, that creature enters with X additional +1/+1 counters on it, where X is the number of colors of mana spent to cast it.",True,False,0.5888888888888889,0.5825771324863884,0.055812459858702645,1350,551,,sealed,1350,12224
Zimone's Experiment,Zimone's Experiment,,{3}{G},4.0,G,G,Sorcery,uncommon,sos,169,"Look at the top five cards of your library. You may reveal up to two creature and/or land cards from among them, then put the rest on the bottom of your library in a random order. Put all land cards revealed this way onto the battlefield tapped and put all creature cards revealed this way into your hand.",False,False,0.540268456375839,0.5419161676646707,0.011254916724001474,894,334,,sealed,894,8391
"Abigale, Poet Laureate // Heroic Stanza","Abigale, Poet Laureate",Heroic Stanza,{1}{W}{B} // {1}{W/B},3.0,W|B,W|B,Legendary Creature — Bird Bard // Sorcery,uncommon,sos,170,"Flying
Whenever you cast a creature spell, Abigale becomes prepared. (While it's prepared, you may cast a copy of its spell. Doing so unprepares it.)
//
Put a +1/+1 counter on target creature.",False,False,0.5509325681492109,0.5377855887521968,-0.008630635027493283,2788,1138,,sealed,2788,17231
Abstract Paintmage,Abstract Paintmage,,{U}{U/R}{R},3.0,U|R,U|R,Creature — Djinn Sorcerer,uncommon,sos,171,"At the beginning of your first main phase, add {U}{R}. Spend this mana only to cast instant and sorcery spells.",False,False,0.528906955736224,0.5080147965474723,0.02813733028727583,2214,811,,sealed,2214,11507
Applied Geometry,Applied Geometry,,{2}{G}{U},4.0,U|G,U|G,Sorcery,rare,sos,172,"Create a token that's a copy of target non-Aura permanent you control, except it's a 0/0 Fractal creature in addition to its other types. Put six +1/+1 counters on it.",False,False,0.5910560344827587,0.6115326251896813,0.05979040166635052,1856,659,,sealed,1856,14249
Ark of Hunger,Ark of Hunger,,{2}{R}{W},4.0,W|R,W|R,Artifact,rare,sos,173,"Whenever one or more cards leave your graveyard, this artifact deals 1 damage to each opponent and you gain 1 life.
{T}: Mill a card. You may play that card this turn.",False,False,0.6772591857000994,0.6627296587926509,0.14189660736527387,2014,762,,sealed,2014,18819
"Aziza, Mage Tower Captain","Aziza, Mage Tower Captain",,{R}{W},2.0,W|R,W|R,Legendary Creature — Djinn Sorcerer,rare,sos,174,"Whenever you cast an instant or sorcery spell, you may tap three untapped creatures you control. If you do, copy that spell. You may choose new targets for the copy.",False,False,0.5833973866256725,0.5811051693404634,0.006058112278123251,1301,561,,sealed,1301,8579
"Berta, Wise Extrapolator","Berta, Wise Extrapolator",,{2}{G}{U},4.0,U|G,U|G,Legendary Creature — Frog Druid,rare,sos,175,"Increment (Whenever you cast a spell, if the amount of mana you spent is greater than this creature's power or toughness, put a +1/+1 counter on this creature.)
Whenever one or more +1/+1 counters are put on Berta, add one mana of any color.
{X}, {T}: Create a 0/0 green and blue Fractal creature token and put X +1/+1 counters on it.",False,False,0.5425925925925926,0.5016722408026756,-0.011666450581269694,1620,598,,sealed,1620,11665
"Blech, Loafing Pest","Blech, Loafing Pest",,{1}{B}{G},3.0,B|G,B|G,Legendary Creature — Pest,rare,sos,176,"Whenever you gain life, put a +1/+1 counter on each Pest, Bat, Insect, Snake, and Spider you control.",False,False,0.6346666666666667,0.6311360448807855,0.08822353118864223,1875,713,,sealed,1875,8478
Bogwater Lumaret,Bogwater Lumaret,,{B}{G},2.0,B|G,B|G,Creature — Spirit Frog,common,sos,177,"Whenever this creature or another creature you control enters, you gain 1 life.",False,False,0.5834264432029795,0.6008281573498965,0.03161568331183451,5370,2415,,sealed,5370,31555
Borrowed Knowledge,Borrowed Knowledge,,{2}{R}{W},4.0,W|R,W|R,Sorcery,uncommon,sos,178,"Choose one —
• Discard your hand, then draw cards equal to the number of cards in target opponent's hand.
• Discard your hand, then draw cards equal to the number of cards discarded this way.",False,False,0.4640102827763496,0.4639175257731959,-0.030590149189093196,778,291,,premier,50,778
Cauldron of Essence,Cauldron of Essence,,{1}{B}{G},3.0,B|G,B|G,Artifact,rare,sos,179,"Whenever a creature you control dies, each opponent loses 1 life and you gain 1 life.
{1}{B}{G}, {T}, Sacrifice a creature: Return target creature card from your graveyard to the battlefield. Activate only as a sorcery.",False,False,0.586490939044481,0.5271428571428571,0.03160441750673204,1821,700,,sealed,1821,7979
Colorstorm Stallion,Colorstorm Stallion,,{1}{U}{R},3.0,U|R,U|R,Creature — Elemental Horse,rare,sos,180,"Ward {1}, haste
Opus — Whenever you cast an instant or sorcery spell, this creature gets +1/+1 until end of turn. If five or more mana was spent to cast that spell, create a token that's a copy of this creature.",False,False,0.6079625292740047,0.6010854816824966,0.09920979404424546,2135,737,,sealed,2135,16676
Colossus of the Blood Age,Colossus of the Blood Age,,{4}{R}{W},6.0,W|R,W|R,Artifact Creature — Construct,uncommon,sos,181,"When this creature enters, it deals 3 damage to each opponent and you gain 3 life.
When this creature dies, discard any number of cards, then draw that many cards plus one.",False,False,0.6037604456824512,0.5721605465414176,0.023753954283554757,2872,1171,,sealed,2872,33560
Conciliator's Duelist,Conciliator's Duelist,,{W}{W}{B}{B},4.0,W|B,W|B,Creature — Kor Warlock,rare,sos,182,"When this creature enters, draw a card. Each player loses 1 life.
Repartee — Whenever you cast an instant or sorcery spell that targets a creature, exile up to one target creature. Return that card to the battlefield under its owner's control at the beginning of the next end step.",False,False,0.5838343353373413,0.5632183908045977,0.0302629067659127,1497,609,,sealed,1497,10998
Cuboid Colony,Cuboid Colony,,{G}{U},2.0,U|G,U|G,Creature — Insect,uncommon,sos,183,"Flash
Flying, trample
Increment (Whenever you cast a spell, if the amount of mana you spent is greater than this creature's power or toughness, put a +1/+1 counter on this creature.)",False,False,0.5774091627172195,0.5781853281853282,0.04114542645348329,2532,1036,,sealed,2532,18194
Dina's Guidance,Dina's Guidance,,{1}{B}{G},3.0,B|G,B|G,Instant,rare,sos,184,"Search your library for a creature card, reveal it, put it into your hand or graveyard, then shuffle.",False,False,0.4603421461897356,0.43951612903225806,-0.03710943383065174,643,248,,premier,110,643
Elemental Mascot,Elemental Mascot,,{1}{U}{R},3.0,U|R,U|R,Creature — Elemental Bird,common,sos,185,"Flying, vigilance
Opus — Whenever you cast an instant or sorcery spell, this creature gets +1/+0 until end of turn. If five or more mana was spent to cast that spell, exile the top card of your library. You may play that card until the end of your next turn.",False,False,0.5409713574097136,0.5430038510911425,-0.0024432767366279196,4015,1558,,sealed,4015,34506
Embrace the Paradox,Embrace the Paradox,,{3}{G}{U},5.0,U|G,U|G,Instant,common,sos,186,Draw three cards. You may put a land card from your hand onto the battlefield tapped.,False,False,0.5609353507565337,0.5376420454545454,0.026673816494999447,3635,1408,,sealed,3635,42806
Essenceknit Scholar,Essenceknit Scholar,,{B}{B/G}{G},3.0,B|G,B|G,Creature — Dryad Warlock,uncommon,sos,187,"When this creature enters, create a 1/1 black and green Pest creature token with ""Whenever this token attacks, you gain 1 life.""
At the beginning of your end step, if a creature died under your control this turn, draw a card.",False,False,0.6160276736811762,0.6189502385821404,0.062308665416713316,3469,1467,,sealed,3469,17705
Fix What's Broken,Fix What's Broken,,{2}{W}{B},4.0,W|B,W|B,Sorcery,rare,sos,188,"As an additional cost to cast this spell, pay X life.
Return each artifact and creature card with mana value X from your graveyard to the battlefield.",False,False,0.4853658536585366,0.46938775510204084,-0.04147311254424668,410,147,,sealed,410,1656
Fractal Mascot,Fractal Mascot,,{4}{G}{U},6.0,U|G,U|G,Creature — Fractal Elk,common,sos,189,"Trample
When this creature enters, tap target creature an opponent controls. Put a stun counter on it. (If a permanent with a stun counter would become untapped, remove one from it instead.)",False,False,0.5683799218515179,0.516872427983539,0.03741512393756741,3327,1215,,sealed,3327,26088
Fractal Tender,Fractal Tender,,{3}{G}{U},5.0,U|G,U|G,Creature — Elf Wizard,uncommon,sos,190,"Ward {2}
Increment (Whenever you cast a spell, if the amount of mana you spent is greater than this creature's power or toughness, put a +1/+1 counter on this creature.)
At the beginning of each end step, if you put a counter on this creature this turn, create a 0/0 green and blue Fractal creature token and put three +1/+1 counters on it.",False,False,0.5283347863993025,0.49227110582639716,0.005291308138432926,2294,841,,sealed,2294,15676
Geometer's Arthropod,Geometer's Arthropod,,{G}{U},2.0,U|G,U|G,Creature — Fractal Crab,rare,sos,191,"Whenever you cast a spell with {X} in its mana cost, look at the top X cards of your library. Put one of them into your hand and the rest on the bottom of your library in a random order.",False,False,0.5774193548387097,0.584070796460177,0.024478178368121384,310,113,,sealed,310,4725
Grapple with Death,Grapple with Death,,{1}{B}{G},3.0,B|G,B|G,Sorcery,common,sos,192,Destroy target artifact or creature. You gain 1 life.,False,False,0.5943981831945496,0.5718339836821568,0.05174252443981964,6605,2819,,sealed,6605,42388
Growth Curve,Growth Curve,,{G}{U},2.0,U|G,U|G,Sorcery,uncommon,sos,193,"Put a +1/+1 counter on target creature you control, then double the number of +1/+1 counters on that creature.",False,False,0.4972170686456401,0.4858490566037736,-0.012952422879783598,539,212,,sealed,539,2419
Hardened Academic,Hardened Academic,,{R}{W},2.0,W|R,W|R,Creature — Bird Cleric,rare,sos,194,"Flying, haste
Discard a card: This creature gains lifelink until end of turn.
Whenever one or more cards leave your graveyard, put a +1/+1 counter on target creature you control.",False,False,0.6207119741100323,0.632258064516129,0.07117217984906854,1545,620,,sealed,1545,13893
Imperious Inkmage,Imperious Inkmage,,{1}{W}{B},3.0,W|B,W|B,Creature — Orc Warlock,common,sos,195,"Vigilance
When this creature enters, surveil 2. (Look at the top two cards of your library, then put any number of them into your graveyard and the rest on top of your library in any order.)",False,False,0.5500658761528326,0.542942494398805,-0.0038864450516843396,3036,1339,,sealed,3036,35023
Inkling Mascot,Inkling Mascot,,{W}{B},2.0,W|B,W|B,Creature — Inkling Cat,common,sos,196,"Repartee — Whenever you cast an instant or sorcery spell that targets a creature, this creature gains flying until end of turn. Surveil 1. (Look at the top card of your library. You may put it into your graveyard.)",False,False,0.5454097957174502,0.5515184381778742,-0.015540347848198466,4063,1844,,sealed,4063,39365
Killian's Confidence,Killian's Confidence,,{W}{B},2.0,W|B,W|B,Sorcery,uncommon,sos,197,"Target creature gets +1/+1 until end of turn. Draw a card.
Whenever one or more creatures you control deal combat damage to a player, you may pay {W/B}. If you do, return this card from your graveyard to your hand.",False,False,0.5557707203718047,0.5301094890510949,-0.0012249592559785416,2582,1096,,sealed,2582,18419
"Kirol, History Buff // Pack a Punch","Kirol, History Buff",Pack a Punch,{R}{W} // {1}{R}{W},2.0,W|R,W|R,Legendary Creature — Vampire Cleric // Sorcery,uncommon,sos,198,"Whenever one or more cards leave your graveyard, Kirol becomes prepared. (While it's prepared, you may cast a copy of its spell. Doing so unprepares it.)
//
Mill a card. Put two +1/+1 counters on target creature. It gains trample until end of turn.",False,False,0.5884656461374155,0.5814332247557004,0.00144907155178009,2809,1228,,sealed,2809,23965
"Lluwen, Exchange Student // Pest Friend","Lluwen, Exchange Student",Pest Friend,{2}{B}{G} // {B/G},4.0,B|G,B|G,Legendary Creature — Elf Druid // Sorcery,uncommon,sos,199,"Lluwen enters prepared. (While it's prepared, you may cast a copy of its spell. Doing so unprepares it.)
Exile a creature card from your graveyard: Lluwen becomes prepared. Activate only as a sorcery.
//
Create a 1/1 black and green Pest creature token with ""Whenever this token attacks, you gain 1 life.""",False,False,0.5804544039838158,0.5596051632498101,0.03721343001236321,3213,1317,,sealed,3213,15588
Lorehold Charm,Lorehold Charm,,{R}{W},2.0,W|R,W|R,Instant,uncommon,sos,200,"Choose one —
• Each opponent sacrifices a nontoken artifact of their choice.
• Return target artifact or creature card with mana value 2 or less from your graveyard to the battlefield.
• Creatures you control get +1/+1 and gain trample until end of turn.",False,False,0.5458409228901032,0.5107604017216643,-0.03906473748725525,1647,697,,sealed,1647,12433
"Lorehold, the Historian","Lorehold, the Historian",,{3}{R}{W},5.0,W|R,W|R,Legendary Creature — Elder Dragon,mythic,sos,201,"Flying, haste
Each instant and sorcery card in your hand has miracle {2}. (You may cast a card for its miracle cost when you draw it if it's the first card you drew this turn.)
At the beginning of each opponent's upkeep, you may discard a card. If you do, draw a card.",False,False,0.6320201173512154,0.6225961538461539,0.08036582970773132,1193,416,,sealed,1193,7182
Mind into Matter,Mind into Matter,,{X}{G}{U},2.0,U|G,U|G,Sorcery,rare,sos,202,Draw X cards. Then you may put a permanent card with mana value X or less from your hand onto the battlefield tapped.,False,False,0.5927903871829105,0.5826086956521739,0.07354748497470864,1498,575,,sealed,1498,13714
Mind Roots,Mind Roots,,{1}{B}{G},3.0,B|G,B|G,Sorcery,uncommon,sos,203,Target player discards two cards. Put up to one land card discarded this way onto the battlefield tapped under your control.,False,False,0.5635005336179295,0.5559655596555966,0.01369292352814755,1874,813,,sealed,1874,12079
Molten Note,Molten Note,,{X}{R}{W},2.0,W|R,W|R,Sorcery,uncommon,sos,204,"Molten Note deals damage to target creature equal to the amount of mana spent to cast this spell. Untap all creatures you control.
Flashback {6}{R}{W} (You may cast this card from your graveyard for its flashback cost. Then exile it.)",False,False,0.6091803278688525,0.5981235340109461,0.015185958147238443,3050,1279,,sealed,3050,34903
Moment of Reckoning,Moment of Reckoning,,{3}{W}{W}{B}{B},7.0,W|B,W|B,Sorcery,rare,sos,205,"Choose up to four. You may choose the same mode more than once.
• Destroy target nonland permanent.
• Return target nonland permanent card from your graveyard to the battlefield.",False,False,0.6365336658354115,0.6305084745762712,0.0964891719533203,1604,590,,sealed,1604,14374
"Nita, Forum Conciliator","Nita, Forum Conciliator",,{1}{W}{B},3.0,W|B,W|B,Legendary Creature — Human Advisor,rare,sos,206,"Whenever you cast a spell you don't own, put a +1/+1 counter on each creature you control.
{2}, Sacrifice another creature: Exile target instant or sorcery card from an opponent's graveyard. You may cast it this turn, and mana of any type can be spent to cast that spell. If that spell would be put into a graveyard, exile it instead. Activate only as a sorcery.",False,False,0.5561224489795918,0.5517241379310345,0.026864807058194495,980,377,,sealed,980,4851
Old-Growth Educator,Old-Growth Educator,,{2}{B}{G},4.0,B|G,B|G,Creature — Treefolk Druid,uncommon,sos,207,"Reach, vigilance
Infusion — When this creature enters, put two +1/+1 counters on it if you gained life this turn.",False,False,0.5709876543209876,0.5601202404809619,-0.002788118874888612,2592,998,,sealed,2592,12996
Paradox Surveyor,Paradox Surveyor,,{G}{G/U}{U},3.0,U|G,U|G,Creature — Elf Druid,uncommon,sos,208,"Reach
When this creature enters, look at the top five cards of your library. You may reveal a land card or a card with {X} in its mana cost from among them and put it into your hand. Put the rest on the bottom of your library in a random order.",False,False,0.584045584045584,0.5562565720294427,0.06226819733198963,2457,951,,sealed,2457,24564
Pest Mascot,Pest Mascot,,{1}{B}{G},3.0,B|G,B|G,Creature — Pest Ape,common,sos,209,"Trample
Whenever you gain life, put a +1/+1 counter on this creature.",False,False,0.5644496762801648,0.5532010820559062,-0.003564619006857672,5097,2218,,sealed,5097,27807
Practiced Scrollsmith,Practiced Scrollsmith,,{R}{R/W}{W},3.0,W|R,W|R,Creature — Dwarf Cleric,uncommon,sos,210,"First strike
When this creature enters, exile target noncreature, nonland card from your graveyard. Until the end of your next turn, you may cast that card.",False,False,0.6072784810126582,0.5808709175738724,0.02261290189357179,3160,1286,,sealed,3160,33334
Prismari Charm,Prismari Charm,,{U}{R},2.0,U|R,U|R,Instant,uncommon,sos,211,"Choose one —
• Surveil 2, then draw a card.
• Prismari Charm deals 1 damage to each of one or two targets.
• Return target nonland permanent to its owner's hand.",False,False,0.5731543624161074,0.5469314079422383,0.06804606654361045,2980,1108,,sealed,2980,26078
"Prismari, the Inspiration","Prismari, the Inspiration",,{5}{U}{R},7.0,U|R,U|R,Legendary Creature — Elder Dragon,mythic,sos,212,"Flying
Ward—Pay 5 life.
Instant and sorcery spells you cast have storm. (Whenever you cast an instant or sorcery spell, copy it for each spell cast before it this turn. You may choose new targets for the copies.)",False,False,0.5543933054393305,0.5314465408805031,0.059924278890657934,956,318,,sealed,956,5263
Proctor's Gaze,Proctor's Gaze,,{2}{G}{U},4.0,U|G,U|G,Instant,uncommon,sos,213,"Return up to one target nonland permanent to its owner's hand. Search your library for a basic land card, put it onto the battlefield tapped, then shuffle.",False,False,0.5851615476665337,0.5454545454545454,0.07052944064312239,2507,924,,sealed,2507,28430
Professor Dellian Fel,Professor Dellian Fel,,{2}{B}{G},4.0,B|G,B|G,Legendary Planeswalker — Dellian,mythic,sos,214,"+2: You gain 3 life.
0: You draw a card and lose 1 life.
−3: Destroy target creature.
−6: You get an emblem with ""Whenever you gain life, target opponent loses that much life.""",False,False,0.6973865199449794,0.6859205776173285,0.15446567267630595,727,277,,sealed,727,6376
Pterafractyl,Pterafractyl,,{X}{G}{U},2.0,U|G,U|G,Creature — Dinosaur Fractal,common,sos,215,"Flying
This creature enters with X +1/+1 counters on it.
When this creature enters, you gain 2 life.",False,False,0.5592060232717317,0.5154994259471871,0.025128821824204617,4383,1742,,sealed,4383,31147
Pursue the Past,Pursue the Past,,{R}{W},2.0,W|R,W|R,Sorcery,common,sos,216,"You gain 2 life. You may discard a card. If you do, draw two cards.
Flashback {2}{R}{W} (You may cast this card from your graveyard for its flashback cost. Then exile it.)",False,False,0.6185308848080133,0.6020974706971005,0.03555977767428797,3594,1621,,sealed,3594,55906
Quandrix Charm,Quandrix Charm,,{G}{U},2.0,U|G,U|G,Instant,uncommon,sos,217,"Choose one —
• Counter target spell unless its controller pays {2}.
• Destroy target enchantment.
• Target creature has base power and toughness 5/5 until end of turn.",False,False,0.5662824207492796,0.5328554360812425,0.04174692765733101,2082,837,,sealed,2082,19277
"Quandrix, the Proof","Quandrix, the Proof",,{4}{G}{U},6.0,U|G,U|G,Legendary Creature — Elder Dragon,mythic,sos,218,"Flying, trample
Cascade (When you cast this spell, exile cards from the top of your library until you exile a nonland card that costs less. You may cast it without paying its mana cost. Put the exiled cards on the bottom in a random order.)
Instant and sorcery spells you cast from your hand have cascade.",False,False,0.6302040816326531,0.6004784688995215,0.10742230705231737,1225,418,,sealed,1225,7283
Rapturous Moment,Rapturous Moment,,{4}{U}{R},6.0,U|R,U|R,Sorcery,uncommon,sos,219,"Draw three cards, then discard two cards. Add {U}{U}{R}{R}{R}.",False,False,0.5623655913978495,0.5054945054945055,0.060651305683563805,1860,637,,sealed,1860,14099
Render Speechless,Render Speechless,,{2}{W}{B},4.0,W|B,W|B,Sorcery,common,sos,220,"Target opponent reveals their hand. You choose a nonland card from it. That player discards that card.
Put two +1/+1 counters on up to one target creature.",False,False,0.5767619047619048,0.5531707317073171,0.017211342964152054,2625,1025,,sealed,2625,35757
Resonating Lute,Resonating Lute,,{2}{U}{R},4.0,U|R,U|R,Artifact,rare,sos,221,"Lands you control have ""{T}: Add two mana of any one color. Spend this mana only to cast instant and sorcery spells.""
{T}: Draw a card. Activate only if you have seven or more cards in your hand.",False,False,0.5319148936170213,0.5201793721973094,0.020692948479864137,1269,446,,sealed,1269,13080
Root Manipulation,Root Manipulation,,{3}{B}{G},5.0,B|G,B|G,Sorcery,uncommon,sos,222,"Until end of turn, creatures you control get +2/+2 and gain menace and ""Whenever this creature attacks, you gain 1 life."" (A creature with menace can't be blocked except by two or more creatures.)",False,False,0.5381649961449498,0.5018382352941176,-0.018725016497275204,1297,544,,sealed,1297,6912
"Sanar, Unfinished Genius // Wild Idea","Sanar, Unfinished Genius",Wild Idea,{U}{R} // {3}{U}{R},2.0,U|R,U|R,Legendary Creature — Goblin Sorcerer // Sorcery,uncommon,sos,223,"Sanar enters prepared. (While it's prepared, you may cast a copy of its spell. Doing so unprepares it.)
{T}: Create a Treasure token. Activate only if you've cast an instant or sorcery spell this turn.
//
Search your library for an instant or sorcery card, reveal it, put it into your hand, then shuffle.",False,False,0.5894409937888199,0.5913621262458472,0.06457540239097037,3220,1204,,sealed,3220,31931
Scolding Administrator,Scolding Administrator,,{W}{B},2.0,W|B,W|B,Creature — Dwarf Cleric,uncommon,sos,224,"Menace (This creature can't be blocked except by two or more creatures.)
Repartee — Whenever you cast an instant or sorcery spell that targets a creature, put a +1/+1 counter on this creature.
When this creature dies, if it had counters on it, put those counters on up to one target creature.",False,False,0.5998515219005197,0.62,0.08217475422375209,2694,1150,,sealed,2694,23299
Silverquill Charm,Silverquill Charm,,{W}{B},2.0,W|B,W|B,Instant,uncommon,sos,225,"Choose one —
• Put two +1/+1 counters on target creature.
• Exile target creature with power 2 or less.
• Each opponent loses 3 life and you gain 3 life.",False,False,0.6039395005276117,0.5949579831932773,0.060675163914106434,2843,1190,,sealed,2843,21962
"Silverquill, the Disputant","Silverquill, the Disputant",,{2}{W}{B},4.0,W|B,W|B,Legendary Creature — Elder Dragon,mythic,sos,226,"Flying, vigilance
Each instant and sorcery spell you cast has casualty 1. (As you cast that spell, you may sacrifice a creature with power 1 or greater. When you do, copy the spell and you may choose new targets for the copy.)",False,False,0.5572519083969466,0.46984924623115576,0.015904282056977248,1048,398,,sealed,1048,4702
Snooping Page,Snooping Page,,{1}{W}{B},3.0,W|B,W|B,Creature — Human Cleric,uncommon,sos,227,"Repartee — Whenever you cast an instant or sorcery spell that targets a creature, this creature can't be blocked this turn.
Whenever this creature deals combat damage to a player, you draw a card and lose 1 life.",False,False,0.5679060665362036,0.5544373284537969,0.012663279766323199,2555,1093,,sealed,2555,19658
Social Snub,Social Snub,,{1}{W}{B},3.0,W|B,W|B,Sorcery,uncommon,sos,228,"When you cast this spell while you control a creature, you may copy this spell.
Each player sacrifices a creature of their choice. Each opponent loses 1 life and you gain 1 life.",False,False,0.5056179775280899,0.42028985507246375,-0.05219135310071332,356,138,,sealed,356,2367
Spectacular Skywhale,Spectacular Skywhale,,{2}{U}{R},4.0,U|R,U|R,Creature — Elemental Whale,uncommon,sos,229,"Flying
Opus — Whenever you cast an instant or sorcery spell, this creature gets +3/+0 until end of turn. If five or more mana was spent to cast that spell, put three +1/+1 counters on this creature instead.",False,False,0.5284583490388239,0.4880694143167028,0.028894649213344004,2653,922,,sealed,2653,17369
Spirit Mascot,Spirit Mascot,,{R}{W},2.0,W|R,W|R,Creature — Spirit Ox,common,sos,230,"Whenever one or more cards leave your graveyard, put a +1/+1 counter on this creature.",False,False,0.5868824531516184,0.5962929475587704,0.00298983570195388,4696,2212,,sealed,4696,47990
Splatter Technique,Splatter Technique,,{1}{U}{U}{R}{R},5.0,U|R,U|R,Sorcery,rare,sos,231,"Choose one —
• Draw four cards.
• Splatter Technique deals 4 damage to each creature and planeswalker.",False,False,0.5988235294117648,0.5415986949429038,0.10678024487961962,1700,613,,sealed,1700,16825
Stadium Tidalmage,Stadium Tidalmage,,{2}{U}{R},4.0,U|R,U|R,Creature — Djinn Sorcerer,common,sos,232,"Whenever this creature enters or attacks, you may draw a card. If you do, discard a card.",False,False,0.5334063526834611,0.5052430886558628,0.008097973270445369,2739,1049,,sealed,2739,26369
Startled Relic Sloth,Startled Relic Sloth,,{2}{R}{W},4.0,W|R,W|R,Creature — Sloth Beast,uncommon,sos,233,"Trample, lifelink
At the beginning of combat on your turn, exile up to one target card from a graveyard.",False,False,0.6016528925619835,0.5885714285714285,0.03180234025529083,3025,1225,,sealed,3025,28226
Stirring Honormancer,Stirring Honormancer,,{2}{W}{W/B}{B},5.0,W|B,W|B,Creature — Rhino Bard,uncommon,sos,234,"When this creature enters, look at the top X cards of your library, where X is the number of creatures you control. Put one of those cards into your hand and the rest into your graveyard.",False,False,0.5770379854886897,0.5482832618025751,0.02251362353973374,2343,932,,sealed,2343,22159
Stress Dream,Stress Dream,,{3}{U}{R},5.0,U|R,U|R,Instant,uncommon,sos,235,Stress Dream deals 5 damage to up to one target creature. Look at the top two cards of your library. Put one of those cards into your hand and the other on the bottom of your library.,False,False,0.5917065390749602,0.5583272193690388,0.07526862014741464,3762,1363,,sealed,3762,38821
Suspend Aggression,Suspend Aggression,,{1}{R}{W},3.0,W|R,W|R,Instant,rare,sos,236,"Exile target nonland permanent and the top card of your library. For each of those cards, its owner may play it until the end of their next turn.",False,False,0.6032,0.5952380952380952,0.03613492695883125,1250,504,,sealed,1250,12954
"Tam, Observant Sequencer // Deep Sight","Tam, Observant Sequencer",Deep Sight,{2}{G}{U} // {G}{U},4.0,U|G,U|G,Legendary Creature — Gorgon Wizard // Sorcery,uncommon,sos,237,"Landfall — Whenever a land you control enters, Tam becomes prepared. (While it's prepared, you may cast a copy of its spell. Doing so unprepares it.)
//
You draw a card and gain 1 life.",False,False,0.5403752039151712,0.5312169312169313,0.009303911501904016,2452,945,,sealed,2452,16301
Teacher's Pest,Teacher's Pest,,{B}{G},2.0,B|G,B|G,Creature — Skeleton Pest,uncommon,sos,238,"Menace (This creature can't be blocked except by two or more creatures.)
Whenever this creature attacks, you gain 1 life.
{B}{G}: Return this card from your graveyard to the battlefield tapped.",False,False,0.5858335910918652,0.5989847715736041,0.0396127425389009,3233,1379,,sealed,3233,14986
Traumatic Critique,Traumatic Critique,,{X}{U}{R},2.0,U|R,U|R,Instant,rare,sos,239,"Traumatic Critique deals X damage to any target. Draw two cards, then discard a card.",False,False,0.5901060070671378,0.5251141552511416,0.08872249848938463,1981,657,,sealed,1981,18322
Vibrant Outburst,Vibrant Outburst,,{U}{R},2.0,U|R,U|R,Instant,uncommon,sos,240,Vibrant Outburst deals 3 damage to any target. Tap up to one target creature.,False,False,0.561956195619562,0.5223509933774835,0.057261359938810874,3333,1208,,sealed,3333,32479
Vicious Rivalry,Vicious Rivalry,,{2}{B}{G},4.0,B|G,B|G,Sorcery,rare,sos,241,"As an additional cost to cast this spell, pay X life.
Destroy all artifacts and creatures with mana value X or less.",False,False,0.5784810126582278,0.5646879756468798,0.011910131432174231,1580,657,,sealed,1580,10873
Visionary's Dance,Visionary's Dance,,{5}{U}{R},7.0,U|R,U|R,Sorcery,common,sos,242,"Create two 3/3 blue and red Elemental creature tokens with flying.
{2}, Discard this card: Look at the top two cards of your library. Put one of them into your hand and the other into your graveyard.",False,False,0.5616168842783044,0.5275294117647059,0.04680111514663732,5591,2125,,sealed,5591,63774
Wilt in the Heat,Wilt in the Heat,,{2}{R}{W},4.0,W|R,W|R,Instant,common,sos,243,"This spell costs {2} less to cast if one or more cards left your graveyard this turn.
Wilt in the Heat deals 5 damage to target creature. If that creature would die this turn, exile it instead.",False,False,0.6017975771785854,0.5821167883211679,0.034681181111812065,5118,2192,,sealed,5118,59126
Witherbloom Charm,Witherbloom Charm,,{B}{G},2.0,B|G,B|G,Instant,uncommon,sos,244,"Choose one —
• You may sacrifice a permanent. If you do, draw two cards.
• You gain 5 life.
• Destroy target nonland permanent with mana value 2 or less.",False,False,0.5603610379842046,0.5595463137996219,-0.009364826139752536,2659,1058,,sealed,2659,12906
"Witherbloom, the Balancer","Witherbloom, the Balancer",,{6}{B}{G},8.0,B|G,B|G,Legendary Creature — Elder Dragon,mythic,sos,245,"Affinity for creatures (This spell costs {1} less to cast for each creature you control.)
Flying, deathtouch
Instant and sorcery spells you cast have affinity for creatures.",False,False,0.5433925049309665,0.49489795918367346,-0.006566206877456349,1014,392,,sealed,1014,3476
Zaffai and the Tempests,Zaffai and the Tempests,,{5}{U}{R},7.0,U|R,U|R,Legendary Creature — Human Bard Sorcerer,rare,sos,246,"Once during each of your turns, you may cast an instant or sorcery spell from your hand without paying its mana cost.",False,False,0.5122897800776197,0.47107438016528924,-0.021787047679505456,773,242,,sealed,773,5267
Biblioplex Tomekeeper,Biblioplex Tomekeeper,,{4},4.0,,,Artifact Creature — Construct,common,sos,247,"When this creature enters, choose up to one —
• Target creature becomes prepared. (Only creatures with prepare spells can become prepared.)
• Target creature becomes unprepared.",False,False,0.4565801253357207,0.4024691358024691,-0.022871929458799845,1117,405,,premier,139,1117
Diary of Dreams,Diary of Dreams,,{2},2.0,,,Artifact — Book,uncommon,sos,248,"Whenever you cast an instant or sorcery spell, put a page counter on this artifact.
{5}, {T}: Draw a card. This ability costs {1} less to activate for each page counter on this artifact.",False,False,0.5455680399500624,0.5598705501618123,-0.021689520008227436,801,309,,sealed,801,14695
Mage Tower Referee,Mage Tower Referee,,{2},2.0,,,Artifact Creature — Construct,common,sos,249,"Whenever you cast a multicolored spell, put a +1/+1 counter on this creature.",False,False,0.551622418879056,0.5372807017543859,0.0294001966568338,1017,456,,sealed,1017,17174
"Page, Loose Leaf","Page, Loose Leaf",,{2},2.0,,,Legendary Artifact Creature — Construct,common,sos,250,"{T}: Add {C}.
Grandeur — Discard another card named Page, Loose Leaf: Reveal cards from the top of your library until you reveal an instant or sorcery card. Put that card into your hand and the rest on the bottom of your library in a random order.",False,False,0.5877659574468085,0.5823529411764706,0.007291023409869202,376,170,,sealed,376,9069
Potioner's Trove,Potioner's Trove,,{3},3.0,,,Artifact,common,sos,251,"{T}: Add one mana of any color.
{T}: You gain 2 life. Activate only if you've cast an instant or sorcery spell this turn.",False,False,0.5740047635250085,0.550761421319797,0.018382213027571037,2939,1182,,sealed,2939,71497
Strixhaven Skycoach,Strixhaven Skycoach,,{3},3.0,,,Artifact — Vehicle,uncommon,sos,252,"Flying
When this Vehicle enters, you may search your library for a basic land card, reveal it, put it into your hand, then shuffle.
Crew 2 (Tap any number of creatures you control with total power 2 or more: This Vehicle becomes an artifact creature until end of turn.)",False,False,0.5927291886195996,0.5989445910290238,0.01856214160910208,1898,758,,sealed,1898,39817
Deathcap Glade,Deathcap Glade,,,0.0,,B|G,Land,rare,sos,253,"This land enters tapped unless you control two or more other lands.
{T}: Add {B} or {G}.",False,False,0.5991820040899796,0.5858823529411765,0.038589959686649355,978,425,,sealed,978,9801
Dreamroot Cascade,Dreamroot Cascade,,,0.0,,U|G,Land,rare,sos,254,"This land enters tapped unless you control two or more other lands.
{T}: Add {G} or {U}.",False,False,0.5766932270916335,0.5452261306532663,0.06358838838195613,1004,398,,sealed,1004,12162
Fields of Strife,Fields of Strife,,,0.0,,W|R,Land,common,sos,255,"This land enters tapped.
{T}: Add {R} or {W}.
{2}{R}{W}, {T}: Surveil 1. (Look at the top card of your library. You may put it into your graveyard.)",False,False,0.5904946432641897,0.6013042500562177,0.02363580004306265,8774,4447,,sealed,8774,81292
Forum of Amity,Forum of Amity,,,0.0,,W|B,Land,common,sos,256,"This land enters tapped.
{T}: Add {W} or {B}.
{2}{W}{B}, {T}: Surveil 1. (Look at the top card of your library. You may put it into your graveyard.)",False,False,0.5582121831070528,0.5647632311977716,0.009418520881629644,8323,4308,,sealed,8323,60257
Great Hall of the Biblioplex,Great Hall of the Biblioplex,,,0.0,,,Land,rare,sos,257,"{T}: Add {C}.
{T}, Pay 1 life: Add one mana of any color. Spend this mana only to cast an instant or sorcery spell.
{5}: If this land isn't a creature, it becomes a 2/4 Wizard creature with ""Whenever you cast an instant or sorcery spell, this creature gets +1/+0 until end of turn."" It's still a land.",False,False,0.5785876993166287,0.5495145631067961,0.02502772497410144,1317,515,,sealed,1317,15739
Paradox Gardens,Paradox Gardens,,,0.0,,U|G,Land,common,sos,258,"This land enters tapped.
{T}: Add {G} or {U}.
{2}{G}{U}, {T}: Surveil 1. (Look at the top card of your library. You may put it into your graveyard.)",False,False,0.5570538099478438,0.5619266055045872,0.02458365012587338,7861,3924,,sealed,7861,71445
Petrified Hamlet,Petrified Hamlet,,,0.0,,,Land,rare,sos,259,"When this land enters, choose a land card name.
Activated abilities of sources with the chosen name can't be activated unless they're mana abilities.
Lands with the chosen name have ""{T}: Add {C}.""
{T}: Add {C}.",False,False,0.4675324675324675,0.5294117647058824,0.020831959918254317,154,51,,premier,36,154
Shattered Sanctum,Shattered Sanctum,,,0.0,,W|B,Land,rare,sos,260,"This land enters tapped unless you control two or more other lands.
{T}: Add {W} or {B}.",False,False,0.5479768786127167,0.5284552845528455,-0.014102043427706823,865,369,,sealed,865,10159
Skycoach Waypoint,Skycoach Waypoint,,,0.0,,,Land,uncommon,sos,261,"{T}: Add {C}.
{3}, {T}: Target creature becomes prepared. (Only creatures with prepare spells can become prepared.)",False,False,0.5439330543933054,0.5260416666666666,0.010805165333212963,478,192,,sealed,478,3182
Spectacle Summit,Spectacle Summit,,,0.0,,U|R,Land,common,sos,262,"This land enters tapped.
{T}: Add {U} or {R}.
{2}{U}{R}, {T}: Surveil 1. (Look at the top card of your library. You may put it into your graveyard.)",False,False,0.5543430335097002,0.5564591078066915,0.019463769423843535,9072,4304,,sealed,9072,84174
Stormcarved Coast,Stormcarved Coast,,,0.0,,U|R,Land,rare,sos,263,"This land enters tapped unless you control two or more other lands.
{T}: Add {U} or {R}.",False,False,0.5954446854663774,0.5664739884393064,0.08212501333522992,922,346,,sealed,922,14425
Sundown Pass,Sundown Pass,,,0.0,,W|R,Land,rare,sos,264,"This land enters tapped unless you control two or more other lands.
{T}: Add {R} or {W}.",False,False,0.5858250276854928,0.579746835443038,0.030476190476190546,903,395,,sealed,903,13235
Terramorphic Expanse,Terramorphic Expanse,,,0.0,,,Land,common,sos,265,"{T}, Sacrifice this land: Search your library for a basic land card, put it onto the battlefield tapped, then shuffle.",False,False,0.5601142170123234,0.5653315824031516,-0.002292814765905038,6654,3046,,sealed,6654,81523
Titan's Grave,Titan's Grave,,,0.0,,B|G,Land,common,sos,266,"This land enters tapped.
{T}: Add {B} or {G}.
{2}{B}{G}, {T}: Surveil 1. (Look at the top card of your library. You may put it into your graveyard.)",False,False,0.5698396793587175,0.5849756097560975,0.011784298616112077,9980,5125,,sealed,9980,59917
Plains,Plains,,,0.0,,W,Basic Land — Plains,common,sos,272,({T}: Add {W}.),False,True,0.5791329522678346,0.5801123069723912,0.08247370950614191,26942,21370,,sealed,26942,300423
Island,Island,,,0.0,,U,Basic Land — Island,common,sos,274,({T}: Add {U}.),False,True,0.5539872692049184,0.5512866980790141,0.060224693752202074,25293,19313,,sealed,25293,273309
Swamp,Swamp,,,0.0,,B,Basic Land — Swamp,common,sos,276,({T}: Add {B}.),False,True,0.5686471296668005,0.5687431509736155,0.07211049095006705,29892,23726,,sealed,29892,255253
Mountain,Mountain,,,0.0,,R,Basic Land — Mountain,common,sos,278,({T}: Add {R}.),False,True,0.5706386406913725,0.5760900140646976,0.07173593403445955,27308,21330,,sealed,27308,331372
Forest,Forest,,,0.0,,G,Basic Land — Forest,common,sos,280,({T}: Add {G}.),False,True,0.5649049093321539,0.5699325439879239,0.10686870527291087,27132,21199,,sealed,27132,232401
Akroma's Will,Akroma's Will,,{3}{W},4.0,W,W,Instant,mythic,soa,1,"Choose one. If you control a commander as you cast this spell, you may choose both instead.
• Creatures you control gain flying, vigilance, and double strike until end of turn.
• Creatures you control gain lifelink, indestructible, and protection from each color until end of turn.",False,False,0.5983558426306518,0.540765391014975,0.03902633226452912,1703,601,,premier,171,1703
Angel's Grace,Angel's Grace,,{W},1.0,W,W,Instant,rare,soa,2,"Split second (As long as this spell is on the stack, players can't cast spells or activate abilities that aren't mana abilities.)
You can't lose the game this turn and your opponents can't win the game this turn. Until end of turn, damage that would reduce your life total to less than 1 reduces it to 1 instead.",False,False,0.41818181818181815,0.358974358974359,-0.11471291866028716,110,39,,premier,21,110
Armageddon,Armageddon,,{3}{W},4.0,W,W,Sorcery,mythic,soa,3,Destroy all lands.,False,False,0.4992987377279102,0.4981549815498155,-0.026248707527564252,713,271,,premier,38,713
Duty Beyond Death,Duty Beyond Death,,{1}{W},2.0,W,W,Instant,uncommon,soa,4,"As an additional cost to cast this spell, sacrifice a creature.
Creatures you control gain indestructible until end of turn. Put a +1/+1 counter on each creature you control. (Damage and effects that say ""destroy"" don't destroy those creatures.)",False,False,0.4836795252225519,0.45588235294117646,-0.03509981750045282,337,136,,sealed,337,3280
Helping Hand,Helping Hand,,{W},1.0,W,W,Sorcery,uncommon,soa,5,Return target creature card with mana value 3 or less from your graveyard to the battlefield tapped.,False,False,0.5182795698924731,0.4986449864498645,-0.07019445608155284,930,369,,sealed,930,10295
Hop to It,Hop to It,,{2}{W},3.0,W,W,Sorcery,uncommon,soa,6,Create three 1/1 white Rabbit creature tokens.,False,False,0.5893271461716937,0.5581395348837209,0.0011667387878617763,1293,516,,sealed,1293,17901
Prismatic Ending,Prismatic Ending,,{X}{W},1.0,W,W,Sorcery,rare,soa,7,Converge — Exile target nonland permanent if its mana value is less than or equal to the number of colors of mana spent to cast this spell.,True,False,0.5805119735755574,0.5622119815668203,0.056155537931993016,2422,868,,premier,172,2422
Repel Calamity,Repel Calamity,,{1}{W},2.0,W,W,Instant,uncommon,soa,8,Destroy target creature with power or toughness 4 or greater.,False,False,0.6108704214257582,0.6042296072507553,0.05706380401490052,2539,993,,sealed,2539,33296
Reprieve,Reprieve,,{1}{W},2.0,W,W,Instant,rare,soa,9,"Return target spell to its owner's hand.
Draw a card.",False,False,0.6008583690987125,0.6216216216216216,0.024821502739265533,233,111,,sealed,233,3472
Requisition Raid,Requisition Raid,,{W},1.0,W,W,Sorcery,uncommon,soa,10,"Spree (Choose one or more additional costs.)
+ {1} — Destroy target artifact.
+ {1} — Destroy target enchantment.
+ {1} — Put a +1/+1 counter on each creature target player controls.",False,False,0.5368663594470046,0.5180722891566265,-0.010485165432610244,434,166,,sealed,434,4369
Return to the Ranks,Return to the Ranks,,{X}{W}{W},2.0,W,W,Sorcery,rare,soa,11,"Convoke (Your creatures can help cast this spell. Each creature you tap while casting this spell pays for {1} or one mana of that creature's color.)
Return X target creature cards with mana value 2 or less from your graveyard to the battlefield.",False,False,0.505859375,0.4381443298969072,-0.02644831730769226,512,194,,premier,46,512
Winds of Abandon,Winds of Abandon,,{1}{W},2.0,W,W,Sorcery,mythic,soa,12,"Exile target creature you don't control. For each creature exiled this way, its controller searches their library for a basic land card. Those players put those cards onto the battlefield tapped, then shuffle.
Overload {4}{W}{W} (You may cast this spell for its overload cost. If you do, change ""target"" in its text to ""each."")",False,False,0.6325178389398572,0.5749636098981077,0.08951918968276584,1962,687,,premier,154,1962
Brain Freeze,Brain Freeze,,{1}{U},2.0,U,U,Instant,rare,soa,13,"Target player mills three cards.
Storm (When you cast this spell, copy it for each spell cast before it this turn. You may choose new targets for the copies.)",False,False,0.5633064516129033,0.49269588313413015,0.06505208752312769,2480,753,,premier,76,2480
Cyclonic Rift,Cyclonic Rift,,{1}{U},2.0,U,U,Instant,mythic,soa,14,"Return target nonland permanent you don't control to its owner's hand.
Overload {6}{U} (You may cast this spell for its overload cost. If you do, change ""target"" in its text to ""each."")",False,False,0.5971796443899449,0.5321428571428571,0.06808225721654815,1631,560,,premier,175,1631
Daze,Daze,,{1}{U},2.0,U,U,Instant,rare,soa,15,"You may return an Island you control to its owner's hand rather than pay this spell's mana cost.
Counter target spell unless its controller pays {1}.",False,False,0.5950570342205324,0.5796316359696642,0.07445364937873689,2630,923,,premier,163,2630
Deduce,Deduce,,{1}{U},2.0,U,U,Instant,uncommon,soa,16,"Draw a card. Investigate. (Create a Clue token. It's an artifact with ""{2}, Sacrifice this token: Draw a card."")",False,False,0.5675675675675675,0.5267175572519084,0.048135118462077076,1443,524,,sealed,1443,25652
Disdainful Stroke,Disdainful Stroke,,{1}{U},2.0,U,U,Instant,uncommon,soa,17,Counter target spell with mana value 4 or greater.,False,False,0.5561426684280053,0.5,0.03844620772014684,1514,524,,sealed,1514,27192
Flusterstorm,Flusterstorm,,{U},1.0,U,U,Instant,mythic,soa,18,"Counter target instant or sorcery spell unless its controller pays {1}.
Storm (When you cast this spell, copy it for each spell cast before it this turn. You may choose new targets for the copies.)",False,False,0.490625,0.4636363636363636,0.010027985074626822,320,110,,premier,12,320
Force of Will,Force of Will,,{3}{U}{U},5.0,U,U,Instant,mythic,soa,19,"You may pay 1 life and exile a blue card from your hand rather than pay this spell's mana cost.
Counter target spell.",False,False,0.572926596758818,0.5125348189415042,0.06136322950627404,1049,359,,premier,130,1049
Pongify,Pongify,,{U},1.0,U,U,Instant,rare,soa,20,Destroy target creature. It can't be regenerated. Its controller creates a 3/3 green Ape creature token.,False,False,0.4747191011235955,0.45695364238410596,0.02909575894852917,356,151,,premier,42,356
Preordain,Preordain,,{U},1.0,U,U,Sorcery,rare,soa,21,"Scry 2, then draw a card. (To scry 2, look at the top two cards of your library, then put any number of them on the bottom and the rest on top in any order.)",False,False,0.5461847389558233,0.5568181818181818,0.008278601771707805,249,88,,sealed,249,2446
Sleight of Hand,Sleight of Hand,,{U},1.0,U,U,Sorcery,uncommon,soa,22,Look at the top two cards of your library. Put one of them into your hand and the other on the bottom of your library.,False,False,0.5851419031719532,0.5616113744075829,0.039950290735221494,1198,422,,sealed,1198,19086
Spell Pierce,Spell Pierce,,{U},1.0,U,U,Instant,uncommon,soa,23,Counter target noncreature spell unless its controller pays {2}.,False,False,0.5676156583629893,0.5130890052356021,0.02673515521833525,562,191,,sealed,562,11311
Stock Up,Stock Up,,{2}{U},3.0,U,U,Sorcery,uncommon,soa,24,Look at the top five cards of your library. Put two of them into your hand and the rest on the bottom of your library in any order.,False,False,0.6014063656550703,0.5881188118811881,0.07400423042375359,2702,1010,,sealed,2702,36047
Ad Nauseam,Ad Nauseam,,{3}{B}{B},5.0,B,B,Instant,mythic,soa,25,Reveal the top card of your library and put that card into your hand. You lose life equal to its mana value. You may repeat this process any number of times.,False,False,0.3902439024390244,0.21428571428571427,-0.08034433285509324,41,14,,premier,16,41
Bitter Triumph,Bitter Triumph,,{1}{B},2.0,B,B,Instant,uncommon,soa,26,"As an additional cost to cast this spell, discard a card or pay 3 life.
Destroy target creature or planeswalker.",False,False,0.5987421383647799,0.565625,0.040893004827572965,3180,1280,,sealed,3180,25319
Culling the Weak,Culling the Weak,,{B},1.0,B,B,Instant,rare,soa,27,"As an additional cost to cast this spell, sacrifice a creature.
Add {B}{B}{B}{B}.",False,False,0.43209876543209874,0.425,-0.09332496338146062,81,40,,premier,18,81
Dismember,Dismember,,{1}{B/P}{B/P},3.0,B,B,Instant,rare,soa,28,"({B/P} can be paid with either {B} or 2 life.)
Target creature gets -5/-5 until end of turn.",False,False,0.6465201465201466,0.6164383561643836,0.08687360749216422,546,219,,sealed,546,3702
Feed the Swarm,Feed the Swarm,,{1}{B},2.0,B,B,Sorcery,uncommon,soa,29,Destroy target creature or enchantment an opponent controls. You lose life equal to that permanent's mana value.,False,False,0.5812401883830455,0.5605769230769231,0.02216779728307683,2548,1040,,sealed,2548,19949
Living End,Living End,,,0.0,B,B,Sorcery,mythic,soa,30,"Suspend 3—{2}{B}{B}
Each player exiles all creature cards from their graveyard, then sacrifices all creatures they control, then puts all cards they exiled this way onto the battlefield.",False,False,0.25,0.2222222222222222,-0.08333333333333331,32,9,,premier,0,32
Locust Spray,Locust Spray,,{B},1.0,B,B,Instant,uncommon,soa,31,"Target creature gets -1/-1 until end of turn.
Cycling {B} ({B}, Discard this card: Draw a card.)",False,False,0.49693251533742333,0.47601476014760147,-0.055637578120520614,652,271,,sealed,652,5688
Sheoldred's Edict,Sheoldred's Edict,,{1}{B},2.0,B,B,Instant,rare,soa,32,"Choose one —
• Each opponent sacrifices a nontoken creature of their choice.
• Each opponent sacrifices a creature token of their choice.
• Each opponent sacrifices a planeswalker of their choice.",False,False,0.5416666666666666,0.5,-0.02368287740628172,240,96,,sealed,240,1401
Smallpox,Smallpox,,{B}{B},2.0,B,B,Sorcery,rare,soa,33,"Each player loses 1 life, discards a card, sacrifices a creature of their choice, then sacrifices a land of their choice.",False,False,0.4742268041237113,0.5952380952380952,-0.005225250670809201,97,42,,premier,22,97
Stargaze,Stargaze,,{X}{B}{B},2.0,B,B,Sorcery,uncommon,soa,34,Look at twice X cards from the top of your library. Put X cards from among them into your hand and the rest into your graveyard. You lose X life.,False,False,0.5726315789473684,0.5515463917525774,0.005866000312353514,475,194,,sealed,475,7207
Vampiric Tutor,Vampiric Tutor,,{B},1.0,B,B,Instant,mythic,soa,35,"Search your library for a card, then shuffle and put that card on top. You lose 2 life.",False,False,0.4731182795698925,0.43783783783783786,-0.012401311571504425,465,185,,premier,78,465
Zombify,Zombify,,{3}{B},4.0,B,B,Sorcery,uncommon,soa,36,Return target creature card from your graveyard to the battlefield.,False,False,0.4577922077922078,0.484375,-0.08660031557227815,308,128,,sealed,308,2303
Abrade,Abrade,,{1}{R},2.0,R,R,Instant,uncommon,soa,37,"Choose one —
• Abrade deals 3 damage to target creature.
• Destroy target artifact.",False,False,0.6132243156772129,0.6027397260273972,0.06835875040348438,2813,1095,,sealed,2813,36105
Big Score,Big Score,,{3}{R},4.0,R,R,Instant,rare,soa,38,"As an additional cost to cast this spell, discard a card.
Draw two cards and create two Treasure tokens. (They're artifacts with ""{T}, Sacrifice this token: Add one mana of any color."")",False,False,0.5625491738788355,0.5335648148148148,0.0392311310653799,2542,864,,premier,183,2542
Brotherhood's End,Brotherhood's End,,{1}{R}{R},3.0,R,R,Sorcery,rare,soa,39,"Choose one —
• Brotherhood's End deals 3 damage to each creature and each planeswalker.
• Destroy all artifacts with mana value 3 or less.",False,False,0.5467980295566502,0.3880597014925373,-0.06229287953425888,203,67,,sealed,203,2897
Bulk Up,Bulk Up,,{1}{R},2.0,R,R,Instant,uncommon,soa,40,"Double target creature's power until end of turn.
Flashback {4}{R}{R} (You may cast this card from your graveyard for its flashback cost. Then exile it.)",False,False,0.5638766519823789,0.45121951219512196,0.041488592280886416,227,82,,sealed,227,3904
Burst Lightning,Burst Lightning,,{R},1.0,R,R,Instant,uncommon,soa,41,"Kicker {4} (You may pay an additional {4} as you cast this spell.)
Burst Lightning deals 2 damage to any target. If this spell was kicked, it deals 4 damage instead.",False,False,0.594718309859155,0.5825688073394495,0.05213766469786463,2840,1090,,sealed,2840,38049
Crackle with Power,Crackle with Power,,{X}{X}{X}{R}{R},2.0,R,R,Sorcery,mythic,soa,42,Crackle with Power deals five times X damage to each of up to X targets.,False,False,0.6407685881370092,0.5655430711610487,0.11183184520295808,2394,801,,premier,157,2394
Empty the Warrens,Empty the Warrens,,{3}{R},4.0,R,R,Sorcery,rare,soa,43,"Create two 1/1 red Goblin creature tokens.
Storm (When you cast this spell, copy it for each spell cast before it this turn.)",False,False,0.5654450261780105,0.5244755244755245,0.09252083845237874,1146,429,,premier,63,1146
Jeska's Will,Jeska's Will,,{2}{R},3.0,R,R,Sorcery,mythic,soa,44,"Choose one. If you control a commander as you cast this spell, you may choose both instead.
• Add {R} for each card in target opponent's hand.
• Exile the top three cards of your library. You may play them this turn.",False,False,0.3853211009174312,0.38461538461538464,-0.19214368781496316,109,52,,premier,21,109
Monstrous Rage,Monstrous Rage,,{R},1.0,R,R,Instant,uncommon,soa,45,"Target creature gets +2/+0 until end of turn. Create a Monster Role token attached to it. (If you control another Role on it, put that one into the graveyard. Enchanted creature gets +1/+1 and has trample.)",False,False,0.5937161430119177,0.5776566757493188,0.04640156500680259,923,367,,sealed,923,15224
Pyretic Ritual,Pyretic Ritual,,{1}{R},2.0,R,R,Instant,rare,soa,46,Add {R}{R}{R}.,False,False,0.4765625,0.36538461538461536,-0.01034849476439792,128,52,,premier,18,128
Return the Favor,Return the Favor,,{R}{R},2.0,R,R,Instant,uncommon,soa,47,"Spree (Choose one or more additional costs.)
+ {1} — Copy target instant spell, sorcery spell, activated ability, or triggered ability. You may choose new targets for the copy.
+ {1} — Change the target of target spell or ability with a single target.",False,False,0.5140664961636828,0.4846153846153846,-0.013830499544471686,391,130,,sealed,391,6482
Subterranean Tremors,Subterranean Tremors,,{X}{R},1.0,R,R,Sorcery,mythic,soa,48,"Subterranean Tremors deals X damage to each creature without flying. If X is 4 or more, destroy all artifacts. If X is 8 or more, create an 8/8 red Lizard creature token.",False,False,0.5965708522440747,0.5625,0.08361748436842698,1983,672,,premier,146,1983
Awaken the Woods,Awaken the Woods,,{X}{G}{G},2.0,G,G,Sorcery,mythic,soa,49,Create X 1/1 green Forest Dryad land creature tokens. (They're affected by summoning sickness.),False,False,0.5588235294117647,0.5190839694656488,0.06172040079067548,782,262,,premier,84,782
Berserk,Berserk,,{G},1.0,G,G,Instant,mythic,soa,50,"Cast this spell only before the combat damage step.
Target creature gains trample and gets +X/+0 until end of turn, where X is its power. At the beginning of the next end step, destroy that creature if it attacked this turn.",False,False,0.4818181818181818,0.44871794871794873,0.011015262110152635,220,78,,premier,32,220
Crop Rotation,Crop Rotation,,{G},1.0,G,G,Instant,rare,soa,51,"As an additional cost to cast this spell, sacrifice a land.
Search your library for a land card, put that card onto the battlefield, then shuffle.",False,False,0.3790322580645161,0.32,-0.0604581877953565,124,50,,premier,17,124
Giant Growth,Giant Growth,,{G},1.0,G,G,Instant,uncommon,soa,52,Target creature gets +3/+3 until end of turn.,False,False,0.5344418052256532,0.5194805194805194,0.020789928092547427,421,154,,sealed,421,3864
Glimpse of Nature,Glimpse of Nature,,{G},1.0,G,G,Sorcery,rare,soa,53,"Whenever you cast a creature spell this turn, draw a card.",False,False,0.4578313253012048,0.34375,-0.06317707806013978,83,32,,premier,14,83
Knockout Maneuver,Knockout Maneuver,,{2}{G},3.0,G,G,Sorcery,uncommon,soa,54,"Put a +1/+1 counter on target creature you control, then it deals damage equal to its power to target creature an opponent controls.",False,False,0.5839852738150023,0.5600490196078431,0.030976677826463628,2173,816,,sealed,2173,19147
Pick Your Poison,Pick Your Poison,,{G},1.0,G,G,Sorcery,uncommon,soa,55,"Choose one —
• Each opponent sacrifices an artifact of their choice.
• Each opponent sacrifices an enchantment of their choice.
• Each opponent sacrifices a creature with flying of their choice.",False,False,0.4755120213713268,0.45982142857142855,-0.02379641569644636,1123,448,,premier,167,1123
Royal Treatment,Royal Treatment,,{G},1.0,G,G,Instant,uncommon,soa,56,"Target creature you control gains hexproof until end of turn. Create a Royal Role token attached to that creature. (If you control another Role on it, put that one into the graveyard. Enchanted creature gets +1/+1 and has ward {1}.)",False,False,0.5856515373352855,0.5741710296684118,0.03108700428177036,1366,573,,sealed,1366,14900
Shamanic Revelation,Shamanic Revelation,,{3}{G}{G},5.0,G,G,Sorcery,rare,soa,57,"Draw a card for each creature you control.
Ferocious — You gain 4 life for each creature you control with power 4 or greater.",False,False,0.5,0.47035573122529645,-0.019867549668874163,602,253,,premier,119,602
Shared Roots,Shared Roots,,{1}{G},2.0,G,G,Sorcery — Lesson,uncommon,soa,58,"Search your library for a basic land card, put it onto the battlefield tapped, then shuffle.",False,False,0.5670372792674951,0.5922619047619048,0.05489153027964089,1529,672,,sealed,1529,19448
Triumph of the Hordes,Triumph of the Hordes,,{2}{G}{G},4.0,G,G,Sorcery,mythic,soa,59,"Until end of turn, creatures you control get +1/+1 and gain trample and infect. (Creatures with infect deal damage to creatures in the form of -1/-1 counters and to players in the form of poison counters.)",False,False,0.5074626865671642,0.4954128440366973,0.002958182062659742,268,109,,premier,14,268
Veil of Summer,Veil of Summer,,{G},1.0,G,G,Instant,rare,soa,60,Draw a card if an opponent has cast a blue or black spell this turn. Spells you control can't be countered this turn. You and permanents you control gain hexproof from blue and from black until end of turn. (You and they can't be the targets of blue or black spells or abilities your opponents control.),False,False,0.5,0.45161290322580644,-0.018656716417910446,146,62,,premier,22,146
Bring to Light,Bring to Light,,{3}{G}{U},5.0,U|G,U|G,Sorcery,rare,soa,61,"Converge — Search your library for a creature, instant, or sorcery card with mana value less than or equal to the number of colors of mana spent to cast this spell, exile that card, then shuffle. You may cast that card without paying its mana cost.",True,False,0.544,0.5215686274509804,0.041354497354497366,750,255,,premier,42,750
Culling Ritual,Culling Ritual,,{2}{B}{G},4.0,B|G,B|G,Sorcery,rare,soa,62,Destroy each nonland permanent with mana value 2 or less. Add {B} or {G} for each permanent destroyed this way.,False,False,0.5141509433962265,0.5157232704402516,0.049865229110512166,424,159,,premier,31,424
Deflecting Palm,Deflecting Palm,,{R}{W},2.0,W|R,W|R,Instant,rare,soa,63,"The next time a source of your choice would deal damage to you this turn, prevent that damage. If damage is prevented this way, Deflecting Palm deals that much damage to that source's controller.",False,False,0.4634146341463415,0.43478260869565216,-0.015614063425402447,328,138,,premier,21,328
Expressive Iteration,Expressive Iteration,,{U}{R},2.0,U|R,U|R,Sorcery,rare,soa,64,"Look at the top three cards of your library. Put one of them into your hand, put one of them on the bottom of your library, and exile one of them. You may play the exiled card this turn.",False,False,0.56,0.5135135135135135,-0.00048387096774182847,225,74,,sealed,225,3600
Fracture,Fracture,,{W}{B},2.0,W|B,W|B,Instant,rare,soa,65,"Destroy target artifact, enchantment, or planeswalker.",False,False,0.34545454545454546,0.3469387755102041,-0.16195286195286196,220,98,,premier,30,220
Archaeomancer,Archaeomancer,,{2}{U}{U},4.0,U,U,Creature — Human Wizard,mythic,spg,149,"When this creature enters, return target instant or sorcery card from your graveyard to your hand.",False,False,0.5452847805788982,0.43636363636363634,0.03881527965468379,1071,330,,premier,50,1071
Archmage Emeritus,Archmage Emeritus,,{2}{U}{U},4.0,U,U,Creature — Human Wizard,mythic,spg,150,"Magecraft — Whenever you cast or copy an instant or sorcery spell, draw a card.",False,False,0.4940796555435953,0.4362017804154303,-0.036954827215025354,929,337,,premier,96,929
Murmuring Mystic,Murmuring Mystic,,{3}{U},4.0,U,U,Creature — Human Wizard,mythic,spg,151,"Whenever you cast an instant or sorcery spell, create a 1/1 blue Bird Illusion creature token with flying.",False,False,0.562137049941928,0.5511669658886894,0.03550983100701677,1722,557,,premier,120,1722
Grim Haruspex,Grim Haruspex,,{2}{B},3.0,B,B,Creature — Human Wizard,mythic,spg,152,"Morph {B} (You may cast this card face down as a 2/2 creature for {3}. Turn it face up any time for its morph cost.)
Whenever another nontoken creature you control dies, draw a card.",False,False,0.5422943221320974,0.4960212201591512,-0.0026106865034811744,863,377,,premier,103,863
Dualcaster Mage,Dualcaster Mage,,{1}{R}{R},3.0,R,R,Creature — Human Wizard,mythic,spg,153,"Flash
When this creature enters, copy target instant or sorcery spell. You may choose new targets for the copy.",False,False,0.5082938388625592,0.46440677966101696,-0.043184244725616105,844,295,,premier,58,844
Magus of the Library,Magus of the Library,,{G}{G},2.0,G,G,Creature — Human Wizard,mythic,spg,154,"{T}: Add {C}.
{T}: Draw a card. Activate only if you have exactly seven cards in hand.",False,False,0.4332344213649852,0.44881889763779526,-0.09319263994579702,337,127,,premier,25,337
Sylvan Library,Sylvan Library,,{1}{G},2.0,G,G,Enchantment,mythic,spg,155,"At the beginning of your draw step, you may draw two additional cards. If you do, choose two cards in your hand drawn this turn. For each of those cards, pay 4 life or put the card on top of your library.",False,False,0.49609375,0.4880382775119617,-0.03903330530642746,512,209,,premier,63,512
"Adrix and Nev, Twincasters","Adrix and Nev, Twincasters",,{2}{G}{U},4.0,U|G,U|G,Legendary Creature — Merfolk Wizard,mythic,spg,156,"Ward {2} (Whenever this creature becomes the target of a spell or ability an opponent controls, counter it unless that player pays {2}.)
If one or more tokens would be created under your control, twice that many of those tokens are created instead.",False,False,0.4969512195121951,0.41818181818181815,0.022877145438121027,328,110,,premier,29,328
"Codie, Vociferous Codex","Codie, Vociferous Codex",,{3},3.0,,W|U|B|R|G,Legendary Artifact Creature — Book Construct,mythic,spg,157,"You can't cast permanent spells.
{4}, {T}: Add {W}{U}{B}{R}{G}. When you next cast a spell this turn, exile cards from the top of your library until you exile an instant or sorcery card with lesser mana value. Until end of turn, you may cast that card without paying its mana cost. Put each other card exiled this way on the bottom of your library in a random order.",False,False,0.5457627118644067,0.4973544973544973,0.026457692559387458,590,189,,premier,24,590
Library of Leng,Library of Leng,,{1},1.0,,,Artifact,mythic,spg,158,"You have no maximum hand size.
If an effect causes you to discard a card, discard it, but you may put it on top of your library instead of into your graveyard.",False,False,,,,0,0,,none,0,0
Library of Alexandria,Library of Alexandria,,,0.0,,,Land,mythic,spg,158a,"{T}: Add {C}.
{T}: Draw a card. Activate only if you have exactly seven cards in hand.",False,False,0.6045370938074801,0.6634615384615384,0.08653155364127507,1631,624,,premier,125,1631
